,0,ship_id,ship_time,ship_lat,ship_lon,ship_depth,ship_temp,turtle_id,turtle_time,turtle_lat,turtle_lon,turtle_depth,turtle_temp
0,0,HB0905   ,2009-09-21 08:04:00,38.3533,-74.42,"1.0,2.0,3.0,4.0,5.0,6.0,7.0,8.0,9.0,10.0,11.0,12.0,13.0,14.0,15.0,16.0,17.0,18.0,19.0,20.0,21.0,22.0,23.0,24.0,25.0,26.0,27.0,28.0,29.0,30.0,31.0,32.0,33.0,34.0,35.0,36.0,37.0,38.0","20.9,20.9,20.9,20.9,20.9,20.9,20.96,21.12,21.34,21.56,21.62,21.67,21.7,21.76,21.8,21.84,21.89,21.98,22.03,22.1,22.11,22.11,22.09,22.09,22.01,22.03,22.17,22.18,21.96,21.83,21.8,21.79,21.78,21.78,21.77,21.77,21.77,21.77",97624,2009-09-23 09:12:04,38.31642914,-74.41136932,"3,6,8,10,12,15,16,18,19,20,23,27","20.0699,20.0355,19.9438,19.7204,19.1244,19.07,19.2132,19.9553,20.3507,20.9895,21.4967,21.935"
1,1,HB0905   ,2009-09-14 02:49:00,38.6017,-73.7017,"1.0,2.0,3.0,4.0,5.0,6.0,7.0,8.0,9.0,10.0,11.0,12.0,13.0,14.0,15.0,16.0,17.0,18.0,19.0,20.0,21.0,22.0,23.0,24.0,25.0,26.0,27.0,28.0,29.0,30.0,31.0,32.0,33.0,34.0,35.0,36.0,37.0,38.0,39.0,40.0,41.0,42.0,43.0,44.0,45.0,46.0,47.0,48.0,49.0,50.0,51.0","23.01,23.01,23.01,23.01,23.0,23.0,23.01,23.01,23.01,23.0,22.97,22.95,22.94,22.91,22.81,22.47,22.2,21.58,21.3,21.26,20.95,20.63,20.42,19.68,18.74,17.56,15.67,11.97,10.85,10.61,10.35,10.1,10.07,10.06,10.05,10.01,9.99,9.97,9.92,9.91,9.9,9.9,9.88,9.83,9.77,9.74,9.72,9.7,9.68,9.66,9.66",97623,2009-09-16 10:01:27,38.62894058,-73.72619629,"3,21,26,28,29,30,31,32,34,35,40,53","23.245,22.9478,22.3657,21.3006,20.1735,18.0928,15.5168,13.5723,11.7269,11.2439,10.9962,10.86"
2,2,HB0905   ,2009-09-14 02:49:00,38.6017,-73.7017,"1.0,2.0,3.0,4.0,5.0,6.0,7.0,8.0,9.0,10.0,11.0,12.0,13.0,14.0,15.0,16.0,17.0,18.0,19.0,20.0,21.0,22.0,23.0,24.0,25.0,26.0,27.0,28.0,29.0,30.0,31.0,32.0,33.0,34.0,35.0,36.0,37.0,38.0,39.0,40.0,41.0,42.0,43.0,44.0,45.0,46.0,47.0,48.0,49.0,50.0,51.0","23.01,23.01,23.01,23.01,23.0,23.0,23.01,23.01,23.01,23.0,22.97,22.95,22.94,22.91,22.81,22.47,22.2,21.58,21.3,21.26,20.95,20.63,20.42,19.68,18.74,17.56,15.67,11.97,10.85,10.61,10.35,10.1,10.07,10.06,10.05,10.01,9.99,9.97,9.92,9.91,9.9,9.9,9.88,9.83,9.77,9.74,9.72,9.7,9.68,9.66,9.66",97623,2009-09-16 10:14:36,38.62945938,-73.72276306,"3,23,27,29,30,31,32,34,35,36,37,52","23.235,22.9358,22.7863,22.4996,22.1007,21.278,19.5578,14.8211,13.3503,11.5428,10.957,10.77"
3,3,HB0905   ,2009-09-14 02:49:00,38.6017,-73.7017,"1.0,2.0,3.0,4.0,5.0,6.0,7.0,8.0,9.0,10.0,11.0,12.0,13.0,14.0,15.0,16.0,17.0,18.0,19.0,20.0,21.0,22.0,23.0,24.0,25.0,26.0,27.0,28.0,29.0,30.0,31.0,32.0,33.0,34.0,35.0,36.0,37.0,38.0,39.0,40.0,41.0,42.0,43.0,44.0,45.0,46.0,47.0,48.0,49.0,50.0,51.0","23.01,23.01,23.01,23.01,23.0,23.0,23.01,23.01,23.01,23.0,22.97,22.95,22.94,22.91,22.81,22.47,22.2,21.58,21.3,21.26,20.95,20.63,20.42,19.68,18.74,17.56,15.67,11.97,10.85,10.61,10.35,10.1,10.07,10.06,10.05,10.01,9.99,9.97,9.92,9.91,9.9,9.9,9.88,9.83,9.77,9.74,9.72,9.7,9.68,9.66,9.66",97623,2009-09-16 11:09:04,38.62955093,-73.71408081,"3,22,27,28,29,30,31,32,33,35,37,52","23.02,22.7217,22.1872,21.7894,20.9193,19.3532,17.1655,15.5993,13.7472,11.0251,10.59,10.59"
4,4,HB0905   ,2009-09-14 02:49:00,38.6017,-73.7017,"1.0,2.0,3.0,4.0,5.0,6.0,7.0,8.0,9.0,10.0,11.0,12.0,13.0,14.0,15.0,16.0,17.0,18.0,19.0,20.0,21.0,22.0,23.0,24.0,25.0,26.0,27.0,28.0,29.0,30.0,31.0,32.0,33.0,34.0,35.0,36.0,37.0,38.0,39.0,40.0,41.0,42.0,43.0,44.0,45.0,46.0,47.0,48.0,49.0,50.0,51.0","23.01,23.01,23.01,23.01,23.0,23.0,23.01,23.01,23.01,23.0,22.97,22.95,22.94,22.91,22.81,22.47,22.2,21.58,21.3,21.26,20.95,20.63,20.42,19.68,18.74,17.56,15.67,11.97,10.85,10.61,10.35,10.1,10.07,10.06,10.05,10.01,9.99,9.97,9.92,9.91,9.9,9.9,9.88,9.83,9.77,9.74,9.72,9.7,9.68,9.66,9.66",97623,2009-09-16 14:15:21,38.62680817,-73.67279053,"3,20,24,26,27,28,30,31,33,34,37,46","23.035,22.7274,22.1251,21.2153,20.3182,19.0111,15.0384,13.7826,10.8223,10.4635,10.2584,10.22"
5,5,HB0905   ,2009-09-14 02:49:00,38.6017,-73.7017,"1.0,2.0,3.0,4.0,5.0,6.0,7.0,8.0,9.0,10.0,11.0,12.0,13.0,14.0,15.0,16.0,17.0,18.0,19.0,20.0,21.0,22.0,23.0,24.0,25.0,26.0,27.0,28.0,29.0,30.0,31.0,32.0,33.0,34.0,35.0,36.0,37.0,38.0,39.0,40.0,41.0,42.0,43.0,44.0,45.0,46.0,47.0,48.0,49.0,50.0,51.0","23.01,23.01,23.01,23.01,23.0,23.0,23.01,23.01,23.01,23.0,22.97,22.95,22.94,22.91,22.81,22.47,22.2,21.58,21.3,21.26,20.95,20.63,20.42,19.68,18.74,17.56,15.67,11.97,10.85,10.61,10.35,10.1,10.07,10.06,10.05,10.01,9.99,9.97,9.92,9.91,9.9,9.9,9.88,9.83,9.77,9.74,9.72,9.7,9.68,9.66,9.66",97623,2009-09-16 15:49:53,38.61566162,-73.65830231,"3,18,21,23,24,25,26,27,28,29,34,46","23.035,22.6766,22.1774,20.7694,19.3102,16.4046,13.243,11.4382,10.8366,10.4782,10.2734,10.235"
6,6,HB0905   ,2009-09-14 02:49:00,38.6017,-73.7017,"1.0,2.0,3.0,4.0,5.0,6.0,7.0,8.0,9.0,10.0,11.0,12.0,13.0,14.0,15.0,16.0,17.0,18.0,19.0,20.0,21.0,22.0,23.0,24.0,25.0,26.0,27.0,28.0,29.0,30.0,31.0,32.0,33.0,34.0,35.0,36.0,37.0,38.0,39.0,40.0,41.0,42.0,43.0,44.0,45.0,46.0,47.0,48.0,49.0,50.0,51.0","23.01,23.01,23.01,23.01,23.0,23.0,23.01,23.01,23.01,23.0,22.97,22.95,22.94,22.91,22.81,22.47,22.2,21.58,21.3,21.26,20.95,20.63,20.42,19.68,18.74,17.56,15.67,11.97,10.85,10.61,10.35,10.1,10.07,10.06,10.05,10.01,9.99,9.97,9.92,9.91,9.9,9.9,9.88,9.83,9.77,9.74,9.72,9.7,9.68,9.66,9.66",97623,2009-09-16 18:08:47,38.60604858,-73.65393829,"3,17,21,23,25,26,27,28,30,33,47,54","22.855,22.5982,21.9947,20.5823,18.3225,16.2552,13.3277,11.6714,10.657,10.3617,10.015,10.015"
7,7,HB0905   ,2009-09-14 02:49:00,38.6017,-73.7017,"1.0,2.0,3.0,4.0,5.0,6.0,7.0,8.0,9.0,10.0,11.0,12.0,13.0,14.0,15.0,16.0,17.0,18.0,19.0,20.0,21.0,22.0,23.0,24.0,25.0,26.0,27.0,28.0,29.0,30.0,31.0,32.0,33.0,34.0,35.0,36.0,37.0,38.0,39.0,40.0,41.0,42.0,43.0,44.0,45.0,46.0,47.0,48.0,49.0,50.0,51.0","23.01,23.01,23.01,23.01,23.0,23.0,23.01,23.01,23.01,23.0,22.97,22.95,22.94,22.91,22.81,22.47,22.2,21.58,21.3,21.26,20.95,20.63,20.42,19.68,18.74,17.56,15.67,11.97,10.85,10.61,10.35,10.1,10.07,10.06,10.05,10.01,9.99,9.97,9.92,9.91,9.9,9.9,9.88,9.83,9.77,9.74,9.72,9.7,9.68,9.66,9.66",97623,2009-09-16 18:08:47,38.60604858,-73.65393829,"3,19,24,25,27,29,30,31,32,34,38,54","22.5592,22.61,22.0514,21.6579,19.6648,16.2752,13.495,11.7558,11.1972,10.6005,10.207,9.915"
8,8,HB0905   ,2009-09-14 02:49:00,38.6017,-73.7017,"1.0,2.0,3.0,4.0,5.0,6.0,7.0,8.0,9.0,10.0,11.0,12.0,13.0,14.0,15.0,16.0,17.0,18.0,19.0,20.0,21.0,22.0,23.0,24.0,25.0,26.0,27.0,28.0,29.0,30.0,31.0,32.0,33.0,34.0,35.0,36.0,37.0,38.0,39.0,40.0,41.0,42.0,43.0,44.0,45.0,46.0,47.0,48.0,49.0,50.0,51.0","23.01,23.01,23.01,23.01,23.0,23.0,23.01,23.01,23.01,23.0,22.97,22.95,22.94,22.91,22.81,22.47,22.2,21.58,21.3,21.26,20.95,20.63,20.42,19.68,18.74,17.56,15.67,11.97,10.85,10.61,10.35,10.1,10.07,10.06,10.05,10.01,9.99,9.97,9.92,9.91,9.9,9.9,9.88,9.83,9.77,9.74,9.72,9.7,9.68,9.66,9.66",97623,2009-09-16 20:09:39,38.6196785,-73.68264008,"3,18,23,25,26,28,29,30,31,32,33,47","22.93,22.5772,21.8842,20.6998,19.3642,14.9668,13.1398,11.6026,11.0104,10.5694,10.519,10.33"
9,9,HB0905   ,2009-09-14 02:49:00,38.6017,-73.7017,"1.0,2.0,3.0,4.0,5.0,6.0,7.0,8.0,9.0,10.0,11.0,12.0,13.0,14.0,15.0,16.0,17.0,18.0,19.0,20.0,21.0,22.0,23.0,24.0,25.0,26.0,27.0,28.0,29.0,30.0,31.0,32.0,33.0,34.0,35.0,36.0,37.0,38.0,39.0,40.0,41.0,42.0,43.0,44.0,45.0,46.0,47.0,48.0,49.0,50.0,51.0","23.01,23.01,23.01,23.01,23.0,23.0,23.01,23.01,23.01,23.0,22.97,22.95,22.94,22.91,22.81,22.47,22.2,21.58,21.3,21.26,20.95,20.63,20.42,19.68,18.74,17.56,15.67,11.97,10.85,10.61,10.35,10.1,10.07,10.06,10.05,10.01,9.99,9.97,9.92,9.91,9.9,9.9,9.88,9.83,9.77,9.74,9.72,9.7,9.68,9.66,9.66",97623,2009-09-16 22:12:35,38.63663101,-73.70990753,"3,18,21,23,24,25,26,27,28,29,34,49","22.945,22.5447,22.2069,21.7565,21.1185,19.8926,17.3906,13.8627,11.7486,10.7227,10.4725,10.435"
10,10,HB1105   ,2011-09-20 03:16:00,38.9633,-73.7917,"1.0,2.0,3.0,4.0,5.0,6.0,7.0,8.0,9.0,10.0,11.0,12.0,13.0,14.0,15.0,16.0,17.0,18.0,19.0,20.0,21.0,22.0,23.0,24.0,25.0,26.0,27.0,28.0,29.0,30.0,31.0,32.0,33.0,34.0,35.0,36.0,37.0,38.0,39.0,40.0,41.0,42.0","18.93,18.94,18.94,18.94,18.94,18.94,18.94,18.92,18.87,18.84,18.81,18.8,18.79,18.79,18.79,18.79,18.79,18.79,18.8,18.81,18.8,18.8,18.79,18.76,18.36,17.28,14.84,13.5,12.99,12.31,12.22,12.17,12.09,11.89,11.72,11.65,11.62,11.6,11.59,11.58,11.58,11.58",100119,2011-09-18 11:53:07,39.00048828,-73.80590057,"2,7,8,9,14,17,26,32,38,42","19.88,19.85,19.6998,18.5507,18.4005,17.4618,16.6958,15.0436,14.3977,12.37"
11,11,HB1105   ,2011-09-20 03:16:00,38.9633,-73.7917,"1.0,2.0,3.0,4.0,5.0,6.0,7.0,8.0,9.0,10.0,11.0,12.0,13.0,14.0,15.0,16.0,17.0,18.0,19.0,20.0,21.0,22.0,23.0,24.0,25.0,26.0,27.0,28.0,29.0,30.0,31.0,32.0,33.0,34.0,35.0,36.0,37.0,38.0,39.0,40.0,41.0,42.0","18.93,18.94,18.94,18.94,18.94,18.94,18.94,18.92,18.87,18.84,18.81,18.8,18.79,18.79,18.79,18.79,18.79,18.79,18.8,18.81,18.8,18.8,18.79,18.76,18.36,17.28,14.84,13.5,12.99,12.31,12.22,12.17,12.09,11.89,11.72,11.65,11.62,11.6,11.59,11.58,11.58,11.58",100119,2011-09-19 03:36:36,38.98022842,-73.8052063,"2,3,4,6,7,10,11,12,13,14","18.94,18.94,18.914,18.914,18.8477,18.8416,18.8227,18.8227,18.81,18.81"
12,12,HB1005   ,2010-09-17 21:28:00,38.3383,-74.5033,"1.0,2.0,3.0,4.0,5.0,6.0,7.0,8.0,9.0,10.0,11.0,12.0,13.0,14.0,15.0,16.0,17.0,18.0,19.0,20.0,21.0,22.0,23.0,24.0,25.0,26.0,27.0,36.0,37.0,38.0,39.0,40.0,41.0,42.0,43.0,44.0,28.0,29.0,30.0,31.0,32.0,33.0,34.0,35.0","22.44,22.44,22.44,22.4,22.33,22.31,22.32,22.23,22.04,21.86,21.81,21.81,21.76,21.68,21.57,21.53,21.43,20.66,18.02,15.59,13.77,12.87,11.67,11.39,11.29,10.8,10.45,10.09,10.09,10.08,10.08,10.07,10.08,10.07,10.07,10.07,10.22,10.17,10.15,10.13,10.13,10.11,10.1,10.1",100116,2010-09-20 09:36:32,38.33216095,-74.44953918,"2,3,6,13,14,15,16,17,18,19","22.14,22.14,22.0767,22.0537,22.0227,21.9502,21.8329,21.5891,21.1027,20.99"
13,13,HB1005   ,2010-09-16 01:39:00,37.8067,-74.825,"1.0,2.0,3.0,4.0,5.0,6.0,7.0,8.0,9.0,10.0,11.0,12.0,13.0,14.0,15.0,16.0,17.0,18.0,19.0,20.0,21.0,22.0,23.0,24.0,25.0,26.0,27.0,28.0,29.0,30.0,31.0,32.0,33.0,34.0,35.0,36.0,37.0","22.49,22.5,22.49,22.49,22.49,22.5,22.51,22.48,22.38,22.18,21.86,20.76,19.58,18.01,16.32,15.22,15.13,15.14,15.12,15.05,14.95,14.8,14.69,14.62,14.9,15.05,15.02,14.99,14.93,14.96,14.88,14.82,14.2,13.52,13.3,13.16,13.11",100128,2010-09-14 08:25:49,37.83496094,-74.7859726,"2,9,14,15,16,17,19,20,25,41","22.6,22.563,22.0166,21.2851,19.6183,17.294,15.6272,15.5531,13.7752,13.34"
14,14,HB1005   ,2010-09-20 21:28:00,38.88,-73.515,"1.0,2.0,3.0,4.0,5.0,6.0,7.0,8.0,9.0,10.0,11.0,12.0,13.0,14.0,15.0,16.0,17.0,18.0,19.0,20.0,21.0,22.0,23.0,24.0,25.0,26.0,27.0,28.0,29.0,30.0,31.0,32.0,53.0,54.0,55.0,56.0,57.0,58.0,59.0,60.0,61.0,33.0,34.0,35.0,36.0,37.0,38.0,39.0,40.0,41.0,42.0,43.0,44.0,45.0,46.0,47.0,48.0,49.0,50.0,51.0,52.0","20.65,20.65,20.65,20.65,20.65,20.65,20.65,20.65,20.65,20.65,20.65,20.65,20.64,20.66,20.66,20.67,20.44,20.08,19.76,19.46,18.51,17.25,15.72,14.5,12.82,10.51,9.87,9.38,9.33,9.32,9.31,9.31,9.2,9.2,9.2,9.19,9.19,9.19,9.19,9.19,9.19,9.28,9.26,9.25,9.25,9.24,9.23,9.23,9.23,9.24,9.24,9.24,9.24,9.24,9.24,9.23,9.22,9.21,9.2,9.2,9.21",100127,2010-09-18 17:08:00,38.90597153,-73.48445129,"2,8,18,24,26,33,39,60,67,70","20.532,20.0385,20.7,19.251,18.432,13.98,12.3315,10.6515,11.3445,10.2"
15,15,HB1103   ,2011-07-08 09:36:00,38.69,-74.5583,"1.0,3.0,4.0,5.0,6.0,7.0,8.0,9.0,10.0,11.0,12.0,13.0,14.0,15.0,16.0,17.0,18.0,19.0,20.0,21.0,22.0,23.0,24.0,25.0,26.0,27.0,28.0,29.0,30.0,31.0,32.0,2.0","25.0,24.97,24.97,24.9,24.35,20.28,17.16,14.63,12.27,10.5,10.11,9.77,9.57,9.38,9.12,8.88,8.75,8.66,8.62,8.59,8.58,8.58,8.58,8.57,8.56,8.56,8.55,8.55,8.55,8.55,8.55,25.0",108398,2011-07-06 07:56:48,38.71551132,-74.59487152,"2,3,4,5,6,7,8,9,10,10","24.75,24.75,24.6048,24.4415,23.9877,23.1831,21.9973,20.999,18.7,18.7"
16,16,HB1103   ,2011-07-08 09:36:00,38.69,-74.5583,"1.0,3.0,4.0,5.0,6.0,7.0,8.0,9.0,10.0,11.0,12.0,13.0,14.0,15.0,16.0,17.0,18.0,19.0,20.0,21.0,22.0,23.0,24.0,25.0,26.0,27.0,28.0,29.0,30.0,31.0,32.0,2.0","25.0,24.97,24.97,24.9,24.35,20.28,17.16,14.63,12.27,10.5,10.11,9.77,9.57,9.38,9.12,8.88,8.75,8.66,8.62,8.59,8.58,8.58,8.58,8.57,8.56,8.56,8.55,8.55,8.55,8.55,8.55,25.0",108398,2011-07-07 11:57:04,38.70624161,-74.54962158,"2,6,8,9,10,11,12,13,21,30","24.8,24.4338,23.4113,20.5425,18.9249,12.6988,12.531,10.9134,9.6468,9.54"
17,17,HB1103   ,2011-07-08 09:36:00,38.69,-74.5583,"1.0,3.0,4.0,5.0,6.0,7.0,8.0,9.0,10.0,11.0,12.0,13.0,14.0,15.0,16.0,17.0,18.0,19.0,20.0,21.0,22.0,23.0,24.0,25.0,26.0,27.0,28.0,29.0,30.0,31.0,32.0,2.0","25.0,24.97,24.97,24.9,24.35,20.28,17.16,14.63,12.27,10.5,10.11,9.77,9.57,9.38,9.12,8.88,8.75,8.66,8.62,8.59,8.58,8.58,8.58,8.57,8.56,8.56,8.55,8.55,8.55,8.55,8.55,25.0",108398,2011-07-07 20:34:14,38.72748184,-74.57012939,"2,4,7,10,11,12,14,15,26,33","24.99,24.3704,22.0624,16.8423,15.5101,11.9164,10.4604,10.0421,9.5,10.0421"
18,18,HB1103   ,2011-07-08 09:36:00,38.69,-74.5583,"1.0,3.0,4.0,5.0,6.0,7.0,8.0,9.0,10.0,11.0,12.0,13.0,14.0,15.0,16.0,17.0,18.0,19.0,20.0,21.0,22.0,23.0,24.0,25.0,26.0,27.0,28.0,29.0,30.0,31.0,32.0,2.0","25.0,24.97,24.97,24.9,24.35,20.28,17.16,14.63,12.27,10.5,10.11,9.77,9.57,9.38,9.12,8.88,8.75,8.66,8.62,8.59,8.58,8.58,8.58,8.57,8.56,8.56,8.55,8.55,8.55,8.55,8.55,25.0",108398,2011-07-08 05:59:17,38.71815109,-74.54827118,"2,3,4,5,6,7,8,9,10,10","25.07,25.0589,25.0035,25.0035,25.0035,24.937,24.2861,23.2224,22.3,22.3"
19,19,HB1103   ,2011-07-08 09:36:00,38.69,-74.5583,"1.0,3.0,4.0,5.0,6.0,7.0,8.0,9.0,10.0,11.0,12.0,13.0,14.0,15.0,16.0,17.0,18.0,19.0,20.0,21.0,22.0,23.0,24.0,25.0,26.0,27.0,28.0,29.0,30.0,31.0,32.0,2.0","25.0,24.97,24.97,24.9,24.35,20.28,17.16,14.63,12.27,10.5,10.11,9.77,9.57,9.38,9.12,8.88,8.75,8.66,8.62,8.59,8.58,8.58,8.58,8.57,8.56,8.56,8.55,8.55,8.55,8.55,8.55,25.0",108398,2011-07-08 11:53:40,38.70238876,-74.56156921,"2,6,7,8,9,11,12,14,19,32","24.98,24.7285,24.4141,23.0622,18.9907,13.8817,12.1525,10.6119,9.5587,9.26"
20,20,HB1103   ,2011-07-08 09:36:00,38.69,-74.5583,"1.0,3.0,4.0,5.0,6.0,7.0,8.0,9.0,10.0,11.0,12.0,13.0,14.0,15.0,16.0,17.0,18.0,19.0,20.0,21.0,22.0,23.0,24.0,25.0,26.0,27.0,28.0,29.0,30.0,31.0,32.0,2.0","25.0,24.97,24.97,24.9,24.35,20.28,17.16,14.63,12.27,10.5,10.11,9.77,9.57,9.38,9.12,8.88,8.75,8.66,8.62,8.59,8.58,8.58,8.58,8.57,8.56,8.56,8.55,8.55,8.55,8.55,8.55,25.0",108398,2011-07-09 00:20:00,38.67657852,-74.54231262,"2,5,7,9,11,13,14,15,21,30","25.39,25.2622,24.6873,22.196,17.6765,12.7258,11.033,10.2824,9.4679,9.42"
21,21,HB1103   ,2011-07-08 09:36:00,38.69,-74.5583,"1.0,3.0,4.0,5.0,6.0,7.0,8.0,9.0,10.0,11.0,12.0,13.0,14.0,15.0,16.0,17.0,18.0,19.0,20.0,21.0,22.0,23.0,24.0,25.0,26.0,27.0,28.0,29.0,30.0,31.0,32.0,2.0","25.0,24.97,24.97,24.9,24.35,20.28,17.16,14.63,12.27,10.5,10.11,9.77,9.57,9.38,9.12,8.88,8.75,8.66,8.62,8.59,8.58,8.58,8.58,8.57,8.56,8.56,8.55,8.55,8.55,8.55,8.55,25.0",108398,2011-07-09 09:25:52,38.66852188,-74.58138275,"2,6,7,8,9,10,11,13,14,15","25.27,25.1574,24.8758,23.9887,21.9471,20.1308,18.582,14.1609,11.5138,11.19"
22,22,HB1103   ,2011-07-08 09:36:00,38.69,-74.5583,"1.0,3.0,4.0,5.0,6.0,7.0,8.0,9.0,10.0,11.0,12.0,13.0,14.0,15.0,16.0,17.0,18.0,19.0,20.0,21.0,22.0,23.0,24.0,25.0,26.0,27.0,28.0,29.0,30.0,31.0,32.0,2.0","25.0,24.97,24.97,24.9,24.35,20.28,17.16,14.63,12.27,10.5,10.11,9.77,9.57,9.38,9.12,8.88,8.75,8.66,8.62,8.59,8.58,8.58,8.58,8.57,8.56,8.56,8.55,8.55,8.55,8.55,8.55,25.0",108398,2011-07-10 01:09:56,38.68923187,-74.56021118,"2,5,8,9,11,13,14,16,19,29","25.29,24.7277,22.041,20.5103,15.3557,11.6225,11.6225,10.2792,9.7169,9.67"
23,23,HB1103   ,2011-07-08 09:36:00,38.69,-74.5583,"1.0,3.0,4.0,5.0,6.0,7.0,8.0,9.0,10.0,11.0,12.0,13.0,14.0,15.0,16.0,17.0,18.0,19.0,20.0,21.0,22.0,23.0,24.0,25.0,26.0,27.0,28.0,29.0,30.0,31.0,32.0,2.0","25.0,24.97,24.97,24.9,24.35,20.28,17.16,14.63,12.27,10.5,10.11,9.77,9.57,9.38,9.12,8.88,8.75,8.66,8.62,8.59,8.58,8.58,8.58,8.57,8.56,8.56,8.55,8.55,8.55,8.55,8.55,25.0",108398,2011-07-10 08:05:09,38.6619606,-74.58979797,"2,3,5,6,7,8,9,10,11,12","25.39,25.3413,25.1951,24.8114,24.4582,24.0258,22.619,20.993,20.3475,19.3"
24,24,HB1103   ,2011-07-08 09:36:00,38.69,-74.5583,"1.0,3.0,4.0,5.0,6.0,7.0,8.0,9.0,10.0,11.0,12.0,13.0,14.0,15.0,16.0,17.0,18.0,19.0,20.0,21.0,22.0,23.0,24.0,25.0,26.0,27.0,28.0,29.0,30.0,31.0,32.0,2.0","25.0,24.97,24.97,24.9,24.35,20.28,17.16,14.63,12.27,10.5,10.11,9.77,9.57,9.38,9.12,8.88,8.75,8.66,8.62,8.59,8.58,8.58,8.58,8.57,8.56,8.56,8.55,8.55,8.55,8.55,8.55,25.0",108398,2011-07-10 15:38:20,38.70085907,-74.60980988,"2,6,8,10,12,14,16,17,20,29","25.06,24.2963,23.3099,21.0029,17.2482,12.8888,10.7569,10.1364,9.5796,9.15"
25,25,DEL1105  ,2011-06-07 04:42:00,38.475,-74.0433,"1.0,2.0,3.0,4.0,5.0,6.0,7.0,8.0,9.0,10.0,11.0,12.0,13.0,14.0,15.0,16.0,17.0,18.0,19.0,20.0,21.0,22.0,23.0,24.0,25.0,26.0,27.0,28.0,29.0,30.0,31.0,32.0,33.0,34.0,35.0,36.0,37.0,38.0,39.0,40.0,41.0,42.0,43.0,44.0,45.0,46.0,47.0,48.0,49.0,50.0","20.99,20.98,20.93,20.64,20.55,20.47,20.16,19.81,19.78,19.23,17.06,15.71,13.97,13.37,13.22,12.67,11.65,11.35,10.53,10.0,9.34,8.83,8.22,7.93,7.8,7.55,7.43,7.41,7.4,7.4,7.39,7.4,7.4,7.42,7.47,7.56,7.9,8.1,8.86,9.22,9.56,10.54,12.4,13.16,13.28,13.28,13.3,13.32,13.32,13.32",108391,2011-06-07 00:25:35,38.5,-74.0,"2,4,8,9,10,11,19,20,21,22","21.36,21.064,20.9795,19.7005,11.5722,10.79,10.864,11.0754,11.4876,11.5299"
26,26,DEL1105  ,2011-06-05 02:52:00,38.1083,-74.415,"1.0,2.0,3.0,4.0,5.0,6.0,7.0,8.0,9.0,10.0,11.0,12.0,13.0,14.0,15.0,16.0,17.0,18.0,19.0,20.0,21.0,22.0,23.0,24.0,25.0,26.0,27.0,28.0,29.0,30.0,31.0,32.0,33.0,34.0,35.0,36.0,37.0,38.0,39.0","20.04,20.03,19.98,19.9,19.86,19.72,19.04,18.61,18.06,17.19,16.73,16.18,14.91,13.58,13.6,13.18,12.43,12.02,11.81,11.32,10.77,9.81,9.41,9.07,9.04,9.1,9.44,9.69,9.79,10.04,10.2,10.21,10.21,10.23,10.31,10.52,10.71,10.79,10.8",108380,2011-06-04 19:12:11,38.13135910000001,-74.37300873,"2,7,11,13,15,16,21,23,25,45","20.03,19.5733,18.5145,16.6046,15.878,14.1238,12.2139,10.4596,9.65,10.8229"
27,27,DEL1105  ,2011-06-07 04:42:00,38.475,-74.0433,"1.0,2.0,3.0,4.0,5.0,6.0,7.0,8.0,9.0,10.0,11.0,12.0,13.0,14.0,15.0,16.0,17.0,18.0,19.0,20.0,21.0,22.0,23.0,24.0,25.0,26.0,27.0,28.0,29.0,30.0,31.0,32.0,33.0,34.0,35.0,36.0,37.0,38.0,39.0,40.0,41.0,42.0,43.0,44.0,45.0,46.0,47.0,48.0,49.0,50.0","20.99,20.98,20.93,20.64,20.55,20.47,20.16,19.81,19.78,19.23,17.06,15.71,13.97,13.37,13.22,12.67,11.65,11.35,10.53,10.0,9.34,8.83,8.22,7.93,7.8,7.55,7.43,7.41,7.4,7.4,7.39,7.4,7.4,7.42,7.47,7.56,7.9,8.1,8.86,9.22,9.56,10.54,12.4,13.16,13.28,13.28,13.3,13.32,13.32,13.32",108382,2011-06-04 23:50:19,38.5,-74.0,"2,7,13,14,15,16,17,18,21,33","22.29,20.384,16.2807,16.2807,14.7146,14.6661,12.8087,11.5218,10.235,10.15"
28,28,HB1105   ,2011-09-16 19:30:00,37.8483,-74.4717,"1.0,2.0,3.0,42.0,43.0,44.0,45.0,46.0,47.0,48.0,49.0,50.0,51.0,52.0,53.0,54.0,55.0,56.0,57.0,58.0,59.0,60.0,24.0,25.0,26.0,27.0,28.0,29.0,30.0,31.0,32.0,33.0,34.0,35.0,36.0,37.0,38.0,39.0,40.0,41.0,4.0,5.0,6.0,7.0,8.0,9.0,10.0,11.0,12.0,13.0,14.0,15.0,16.0,17.0,18.0,19.0,20.0,21.0,22.0,23.0","20.86,20.86,20.86,9.34,9.34,9.33,9.34,9.34,9.34,9.34,9.34,9.34,9.34,9.34,9.34,9.33,9.34,9.34,9.34,9.34,9.35,9.34,19.63,19.53,19.18,18.79,18.33,17.81,16.49,15.12,14.12,13.06,11.9,10.64,9.79,9.43,9.35,9.35,9.34,9.34,20.86,20.86,20.87,20.86,20.85,20.84,20.84,20.79,20.74,20.67,20.61,20.59,20.57,20.55,20.52,20.48,20.43,20.15,19.89,19.73",108391,2011-09-15 16:07:56,37.8549881,-74.4391098,"2,17,21,24,25,27,28,35,47,62","23.49,19.2138,18.8022,17.6468,16.611,16.3454,15.2564,12.0294,10.5154,10.21"
29,29,HB1105   ,2011-09-17 21:39:00,38.425,-74.495,"1.0,2.0,3.0,4.0,5.0,6.0,7.0,8.0,9.0,10.0,11.0,12.0,13.0,14.0,15.0,16.0,17.0,18.0,19.0,20.0,21.0,22.0,23.0,24.0,25.0,26.0,27.0,28.0,29.0,30.0,31.0,32.0,33.0,34.0","20.18,20.18,20.18,20.18,20.18,20.18,20.18,20.18,20.18,20.18,20.18,20.18,20.18,20.18,20.18,20.17,20.17,20.17,20.15,20.13,20.06,19.96,19.88,19.72,18.71,17.78,14.76,13.84,13.67,13.59,13.33,13.22,13.21,13.2",108387,2011-09-18 02:16:56,38.46527863,-74.50308228,"2,15,20,22,25,26,29,33,38,40","19.7,19.6186,19.1373,18.4999,16.4253,16.3439,14.8048,13.7675,13.5031,12.92"
30,30,HB1202   ,2012-06-03 00:43:00,37.3233,-74.9583,"1.0,2.0,3.0,4.0,5.0,6.0,7.0,8.0,9.0,10.0,11.0,12.0,13.0,14.0,15.0,16.0,17.0,18.0,19.0,20.0,21.0,22.0,23.0,24.0,25.0,26.0,27.0,28.0,29.0,30.0,31.0,32.0,33.0,34.0,35.0,36.0,37.0,38.0,39.0","19.82,19.8,19.76,19.76,19.65,19.55,19.5,19.46,19.42,19.32,18.95,18.23,16.89,16.36,15.63,15.15,15.12,14.98,14.93,14.94,14.82,14.61,14.48,14.09,13.92,14.97,15.22,14.99,14.55,14.42,13.77,13.15,12.56,12.16,12.0,11.99,11.99,11.99,11.99",118954,2012-06-03 07:57:59,37.29999924,-74.97196198,"2,3,4,5,6,7,7","19.86,19.8348,19.8144,19.772,19.678,19.5132,19.46"
31,31,HB1202   ,2012-06-03 01:45:00,37.1767,-74.95,"1.0,2.0,3.0,4.0,5.0,6.0,7.0,8.0,9.0,10.0,11.0,12.0,13.0,14.0,15.0,16.0,17.0,18.0,19.0,20.0,21.0,22.0,23.0,24.0,25.0,26.0,27.0,28.0,29.0,30.0,31.0,32.0,33.0,34.0,35.0,36.0,37.0,38.0,39.0,40.0,41.0","20.16,20.16,20.15,20.15,20.02,19.83,19.6,19.37,19.12,18.7,18.08,17.29,16.26,15.18,14.71,14.53,14.29,14.44,14.67,15.77,17.5,18.21,18.43,18.25,17.23,16.43,15.55,14.87,14.6,14.83,14.91,14.96,14.96,14.97,14.98,14.98,14.97,14.98,14.98,14.98,14.99",118949,2012-06-03 08:32:32,37.18259048,-74.91658783,"2,3,4,6,7,8,9,11,12,13","19.68,19.5838,19.3843,19.316,19.246,18.9923,18.6563,18.245,17.9563,17.93"
32,32,HB1202   ,2012-06-03 01:45:00,37.1767,-74.95,"1.0,2.0,3.0,4.0,5.0,6.0,7.0,8.0,9.0,10.0,11.0,12.0,13.0,14.0,15.0,16.0,17.0,18.0,19.0,20.0,21.0,22.0,23.0,24.0,25.0,26.0,27.0,28.0,29.0,30.0,31.0,32.0,33.0,34.0,35.0,36.0,37.0,38.0,39.0,40.0,41.0","20.16,20.16,20.15,20.15,20.02,19.83,19.6,19.37,19.12,18.7,18.08,17.29,16.26,15.18,14.71,14.53,14.29,14.44,14.67,15.77,17.5,18.21,18.43,18.25,17.23,16.43,15.55,14.87,14.6,14.83,14.91,14.96,14.96,14.97,14.98,14.98,14.97,14.98,14.98,14.98,14.99",118949,2012-06-03 11:31:40,37.14894104,-74.93025208,"2,10,11,14,16,17,18,26,32,48","19.58,19.1999,18.1151,16.1319,16.0283,15.13,14.5357,12.8842,12.67,12.67"
33,33,HB1202   ,2012-06-03 02:25:00,37.095,-74.8867,"1.0,2.0,3.0,4.0,5.0,6.0,7.0,8.0,9.0,10.0,11.0,12.0,13.0,14.0,15.0,16.0,17.0,18.0,19.0,20.0,21.0,22.0,23.0,24.0,25.0,26.0,27.0,28.0,29.0,30.0,31.0,32.0,33.0,34.0,35.0,36.0,37.0,38.0,39.0,40.0,41.0,42.0,43.0,44.0,45.0,46.0,47.0,48.0","19.56,19.56,19.57,19.56,19.56,19.54,19.5,19.43,19.28,18.89,18.16,16.98,16.01,15.52,15.33,14.81,14.22,14.07,14.01,13.97,13.79,13.65,13.53,13.37,13.35,13.31,13.25,13.16,12.84,12.7,12.62,12.62,12.53,12.49,12.47,12.46,12.56,12.66,12.8,12.82,12.86,12.82,12.85,12.84,12.87,12.87,12.87,12.88",118951,2012-06-04 05:22:12,37.10643005,-74.93029022,"2,3,4,6,6,6,6,6,6,6","19.92,19.8368,19.82,19.82,19.82,19.82,19.82,19.82,19.82,19.82"
34,34,HB1202   ,2012-06-03 02:37:00,37.09,-74.88,"1.0,2.0,3.0,4.0,5.0,6.0,7.0,8.0,9.0,10.0,11.0,12.0,13.0,14.0,15.0,16.0,17.0,18.0,19.0,20.0,21.0,22.0,23.0,24.0,25.0,26.0,27.0,28.0,29.0,30.0,31.0,32.0,33.0,34.0,35.0,36.0","19.73,19.73,19.72,19.72,19.71,19.52,19.22,18.92,18.4,17.49,16.13,15.47,15.22,14.86,14.3,14.01,14.03,13.94,13.84,13.78,13.7,13.62,13.53,13.46,13.43,13.36,13.15,12.91,12.77,12.69,12.67,12.65,12.56,12.51,12.5,12.49,12.53,12.64,12.69,12.72,12.73,12.76,12.79,12.79,12.79,12.79,12.79,12.79,12.79,12.8,12.8,12.8",118951,2012-06-04 05:22:12,37.10643005,-74.93029022,"2,3,4,6,6,6,6,6,6,6","19.92,19.8368,19.82,19.82,19.82,19.82,19.82,19.82,19.82,19.82"
35,35,HB1202   ,2012-06-03 01:45:00,37.1767,-74.95,"1.0,2.0,3.0,4.0,5.0,6.0,7.0,8.0,9.0,10.0,11.0,12.0,13.0,14.0,15.0,16.0,17.0,18.0,19.0,20.0,21.0,22.0,23.0,24.0,25.0,26.0,27.0,28.0,29.0,30.0,31.0,32.0,33.0,34.0,35.0,36.0,37.0,38.0,39.0,40.0,41.0","20.16,20.16,20.15,20.15,20.02,19.83,19.6,19.37,19.12,18.7,18.08,17.29,16.26,15.18,14.71,14.53,14.29,14.44,14.67,15.77,17.5,18.21,18.43,18.25,17.23,16.43,15.55,14.87,14.6,14.83,14.91,14.96,14.96,14.97,14.98,14.98,14.97,14.98,14.98,14.98,14.99",118952,2012-06-03 21:22:13,37.16326904,-74.93939209,"2,3,3,3,3,3,3,3,3,3","20.16,20.05,20.05,20.05,20.05,20.05,20.05,20.05,20.05,20.05"
36,36,HB1202   ,2012-06-03 01:45:00,37.1767,-74.95,"1.0,2.0,3.0,4.0,5.0,6.0,7.0,8.0,9.0,10.0,11.0,12.0,13.0,14.0,15.0,16.0,17.0,18.0,19.0,20.0,21.0,22.0,23.0,24.0,25.0,26.0,27.0,28.0,29.0,30.0,31.0,32.0,33.0,34.0,35.0,36.0,37.0,38.0,39.0,40.0,41.0","20.16,20.16,20.15,20.15,20.02,19.83,19.6,19.37,19.12,18.7,18.08,17.29,16.26,15.18,14.71,14.53,14.29,14.44,14.67,15.77,17.5,18.21,18.43,18.25,17.23,16.43,15.55,14.87,14.6,14.83,14.91,14.96,14.96,14.97,14.98,14.98,14.97,14.98,14.98,14.98,14.99",118952,2012-06-03 23:44:40,37.18201828,-74.93527222,"2,9,13,26,27,29,30,31,34,45","20.32,19.2124,17.902,15.328,14.4466,14.4466,13.339,13.0972,12.637,12.52"
37,37,HB1202   ,2012-06-03 01:45:00,37.1767,-74.95,"1.0,2.0,3.0,4.0,5.0,6.0,7.0,8.0,9.0,10.0,11.0,12.0,13.0,14.0,15.0,16.0,17.0,18.0,19.0,20.0,21.0,22.0,23.0,24.0,25.0,26.0,27.0,28.0,29.0,30.0,31.0,32.0,33.0,34.0,35.0,36.0,37.0,38.0,39.0,40.0,41.0","20.16,20.16,20.15,20.15,20.02,19.83,19.6,19.37,19.12,18.7,18.08,17.29,16.26,15.18,14.71,14.53,14.29,14.44,14.67,15.77,17.5,18.21,18.43,18.25,17.23,16.43,15.55,14.87,14.6,14.83,14.91,14.96,14.96,14.97,14.98,14.98,14.97,14.98,14.98,14.98,14.99",118949,2012-06-03 23:42:44,37.1440506,-74.97398376,"2,6,15,20,23,27,39,42,44,46","20.46,19.8039,16.444,15.7879,14.7136,13.8701,13.25,13.3293,14.2954,14.2954"
38,38,HB1202   ,2012-06-03 02:25:00,37.095,-74.8867,"1.0,2.0,3.0,4.0,5.0,6.0,7.0,8.0,9.0,10.0,11.0,12.0,13.0,14.0,15.0,16.0,17.0,18.0,19.0,20.0,21.0,22.0,23.0,24.0,25.0,26.0,27.0,28.0,29.0,30.0,31.0,32.0,33.0,34.0,35.0,36.0,37.0,38.0,39.0,40.0,41.0,42.0,43.0,44.0,45.0,46.0,47.0,48.0","19.56,19.56,19.57,19.56,19.56,19.54,19.5,19.43,19.28,18.89,18.16,16.98,16.01,15.52,15.33,14.81,14.22,14.07,14.01,13.97,13.79,13.65,13.53,13.37,13.35,13.31,13.25,13.16,12.84,12.7,12.62,12.62,12.53,12.49,12.47,12.46,12.56,12.66,12.8,12.82,12.86,12.82,12.85,12.84,12.87,12.87,12.87,12.88",118949,2012-06-04 08:13:16,37.11328125,-74.88078308,"2,3,4,5,6,7,8,9,11,12","20.18,20.18,19.8068,19.8002,19.7185,19.6122,19.4092,19.24,19.24,19.3133"
39,39,HB1202   ,2012-06-03 02:37:00,37.09,-74.88,"1.0,2.0,3.0,4.0,5.0,6.0,7.0,8.0,9.0,10.0,11.0,12.0,13.0,14.0,15.0,16.0,17.0,18.0,19.0,20.0,21.0,22.0,23.0,24.0,25.0,26.0,27.0,28.0,29.0,30.0,31.0,32.0,33.0,34.0,35.0,36.0,37.0,38.0,39.0,40.0,41.0,42.0,43.0,44.0,45.0,46.0,47.0,48.0,49.0,50.0,51.0,52.0","19.73,19.73,19.72,19.72,19.71,19.52,19.22,18.92,18.4,17.49,16.13,15.47,15.22,14.86,14.3,14.01,14.03,13.94,13.84,13.78,13.7,13.62,13.53,13.46,13.43,13.36,13.15,12.91,12.77,12.69,12.67,12.65,12.56,12.51,12.5,12.49,12.53,12.64,12.69,12.72,12.73,12.76,12.79,12.79,12.79,12.79,12.79,12.79,12.79,12.8,12.8,12.8",118949,2012-06-04 08:13:16,37.11328125,-74.88078308,"2,3,4,5,6,7,8,9,11,12","20.18,20.18,19.8068,19.8002,19.7185,19.6122,19.4092,19.24,19.24,19.3133"
40,40,HB1202   ,2012-06-03 02:25:00,37.095,-74.8867,"1.0,2.0,3.0,4.0,5.0,6.0,7.0,8.0,9.0,10.0,11.0,12.0,13.0,14.0,15.0,16.0,17.0,18.0,19.0,20.0,21.0,22.0,23.0,24.0,25.0,26.0,27.0,28.0,29.0,30.0,31.0,32.0,33.0,34.0,35.0,36.0,37.0,38.0,39.0,40.0,41.0,42.0,43.0,44.0,45.0,46.0,47.0,48.0","19.56,19.56,19.57,19.56,19.56,19.54,19.5,19.43,19.28,18.89,18.16,16.98,16.01,15.52,15.33,14.81,14.22,14.07,14.01,13.97,13.79,13.65,13.53,13.37,13.35,13.31,13.25,13.16,12.84,12.7,12.62,12.62,12.53,12.49,12.47,12.46,12.56,12.66,12.8,12.82,12.86,12.82,12.85,12.84,12.87,12.87,12.87,12.88",118952,2012-06-04 16:05:13,37.10931015,-74.91864777,"2,4,8,12,14,17,24,25,30,49","20.3,20.3,19.4677,19.2066,18.309,15.9426,13.927,13.3558,12.6459,12.14"
41,41,HB1202   ,2012-06-03 02:37:00,37.09,-74.88,"1.0,2.0,3.0,4.0,5.0,6.0,7.0,8.0,9.0,10.0,11.0,12.0,13.0,14.0,15.0,16.0,17.0,18.0,19.0,20.0,21.0,22.0,23.0,24.0,25.0,26.0,27.0,28.0,29.0,30.0,31.0,32.0,33.0,34.0,35.0,36.0,37.0,38.0,39.0,40.0,41.0,42.0,43.0,44.0,45.0,46.0,47.0,48.0,49.0,50.0,51.0,52.0","19.73,19.73,19.72,19.72,19.71,19.52,19.22,18.92,18.4,17.49,16.13,15.47,15.22,14.86,14.3,14.01,14.03,13.94,13.84,13.78,13.7,13.62,13.53,13.46,13.43,13.36,13.15,12.91,12.77,12.69,12.67,12.65,12.56,12.51,12.5,12.49,12.53,12.64,12.69,12.72,12.73,12.76,12.79,12.79,12.79,12.79,12.79,12.79,12.79,12.8,12.8,12.8",118952,2012-06-04 16:05:13,37.10931015,-74.91864777,"2,4,8,12,14,17,24,25,30,49","20.3,20.3,19.4677,19.2066,18.309,15.9426,13.927,13.3558,12.6459,12.14"
42,42,HB1202   ,2012-06-03 02:25:00,37.095,-74.8867,"1.0,2.0,3.0,4.0,5.0,6.0,7.0,8.0,9.0,10.0,11.0,12.0,13.0,14.0,15.0,16.0,17.0,18.0,19.0,20.0,21.0,22.0,23.0,24.0,25.0,26.0,27.0,28.0,29.0,30.0,31.0,32.0,33.0,34.0,35.0,36.0,37.0,38.0,39.0,40.0,41.0,42.0,43.0,44.0,45.0,46.0,47.0,48.0","19.56,19.56,19.57,19.56,19.56,19.54,19.5,19.43,19.28,18.89,18.16,16.98,16.01,15.52,15.33,14.81,14.22,14.07,14.01,13.97,13.79,13.65,13.53,13.37,13.35,13.31,13.25,13.16,12.84,12.7,12.62,12.62,12.53,12.49,12.47,12.46,12.56,12.66,12.8,12.82,12.86,12.82,12.85,12.84,12.87,12.87,12.87,12.88",118949,2012-06-04 13:25:08,37.10860062,-74.92777252,"2,5,7,10,11,12,20,26,31,50","20.04,19.6011,18.0051,17.5662,16.5288,16.058,14.9009,12.6824,12.1797,12.06"
43,43,HB1202   ,2012-06-03 02:37:00,37.09,-74.88,"1.0,2.0,3.0,4.0,5.0,6.0,7.0,8.0,9.0,10.0,11.0,12.0,13.0,14.0,15.0,16.0,17.0,18.0,19.0,20.0,21.0,22.0,23.0,24.0,25.0,26.0,27.0,28.0,29.0,30.0,31.0,32.0,33.0,34.0,35.0,36.0,37.0,38.0,39.0,40.0,41.0,42.0,43.0,44.0,45.0,46.0,47.0,48.0,49.0,50.0,51.0,52.0","19.73,19.73,19.72,19.72,19.71,19.52,19.22,18.92,18.4,17.49,16.13,15.47,15.22,14.86,14.3,14.01,14.03,13.94,13.84,13.78,13.7,13.62,13.53,13.46,13.43,13.36,13.15,12.91,12.77,12.69,12.67,12.65,12.56,12.51,12.5,12.49,12.53,12.64,12.69,12.72,12.73,12.76,12.79,12.79,12.79,12.79,12.79,12.79,12.79,12.8,12.8,12.8",118949,2012-06-04 13:25:08,37.10860062,-74.92777252,"2,5,7,10,11,12,20,26,31,50","20.04,19.6011,18.0051,17.5662,16.5288,16.058,14.9009,12.6824,12.1797,12.06"
44,44,HB1202   ,2012-06-03 02:25:00,37.095,-74.8867,"1.0,2.0,3.0,4.0,5.0,6.0,7.0,8.0,9.0,10.0,11.0,12.0,13.0,14.0,15.0,16.0,17.0,18.0,19.0,20.0,21.0,22.0,23.0,24.0,25.0,26.0,27.0,28.0,29.0,30.0,31.0,32.0,33.0,34.0,35.0,36.0,37.0,38.0,39.0,40.0,41.0,42.0,43.0,44.0,45.0,46.0,47.0,48.0","19.56,19.56,19.57,19.56,19.56,19.54,19.5,19.43,19.28,18.89,18.16,16.98,16.01,15.52,15.33,14.81,14.22,14.07,14.01,13.97,13.79,13.65,13.53,13.37,13.35,13.31,13.25,13.16,12.84,12.7,12.62,12.62,12.53,12.49,12.47,12.46,12.56,12.66,12.8,12.82,12.86,12.82,12.85,12.84,12.87,12.87,12.87,12.88",118952,2012-06-04 19:56:48,37.12282181,-74.92443085,"2,7,13,16,18,20,25,38,44,46","20.58,20.2094,18.9434,17.9706,16.6119,15.5774,14.5507,13.192,13.1611,12.86"
45,45,HB1202   ,2012-06-03 02:25:00,37.095,-74.8867,"1.0,2.0,3.0,4.0,5.0,6.0,7.0,8.0,9.0,10.0,11.0,12.0,13.0,14.0,15.0,16.0,17.0,18.0,19.0,20.0,21.0,22.0,23.0,24.0,25.0,26.0,27.0,28.0,29.0,30.0,31.0,32.0,33.0,34.0,35.0,36.0,37.0,38.0,39.0,40.0,41.0,42.0,43.0,44.0,45.0,46.0,47.0,48.0","19.56,19.56,19.57,19.56,19.56,19.54,19.5,19.43,19.28,18.89,18.16,16.98,16.01,15.52,15.33,14.81,14.22,14.07,14.01,13.97,13.79,13.65,13.53,13.37,13.35,13.31,13.25,13.16,12.84,12.7,12.62,12.62,12.53,12.49,12.47,12.46,12.56,12.66,12.8,12.82,12.86,12.82,12.85,12.84,12.87,12.87,12.87,12.88",118949,2012-06-04 16:51:39,37.10916901,-74.92913055,"2,5,11,18,22,27,35,37,46,49","20.23,19.7768,18.3513,14.8658,14.083,13.2178,12.8882,12.4679,12.5668,11.99"
46,46,HB1206   ,2012-09-07 16:07:00,38.5367,-73.8567,"1.0,2.0,3.0,4.0,5.0,6.0,7.0,8.0,9.0,10.0,11.0,12.0,13.0,44.0,45.0,46.0,47.0,48.0,49.0,50.0,51.0,52.0,53.0,14.0,15.0,16.0,17.0,18.0,19.0,20.0,21.0,22.0,23.0,24.0,25.0,26.0,27.0,28.0,29.0,30.0,31.0,32.0,33.0,34.0,35.0,36.0,37.0,38.0,39.0,40.0,41.0,42.0,43.0","25.73,25.74,25.8,25.77,25.68,25.61,25.6,25.58,25.42,24.88,24.43,23.78,23.19,8.81,8.81,8.8,8.8,8.8,8.81,8.8,8.8,8.81,8.81,22.53,22.51,22.91,24.08,23.99,23.44,21.1,20.08,18.65,17.24,16.21,15.44,14.84,14.51,13.69,12.98,12.04,11.46,11.0,10.67,10.41,10.37,10.09,9.62,9.38,9.18,8.96,8.87,8.85,8.84",118950,2012-09-08 14:06:06,38.54846954,-73.83762359999999,"2,12,15,17,18,21,22,28,35,55","25.11,24.788,23.8381,22.1959,19.8614,17.7201,16.0779,12.3427,9.815,9.01"
47,47,HB1205   ,2012-08-09 17:58:00,39.0983,-73.5,"1.0,2.0,3.0,4.0,5.0,6.0,7.0,8.0,9.0,10.0,11.0,12.0,13.0,14.0,15.0,16.0,17.0,18.0,19.0,20.0,21.0,22.0,23.0,24.0,25.0,26.0,27.0,28.0,29.0,30.0,31.0,32.0,33.0,34.0,35.0,36.0,37.0,38.0,39.0,40.0,41.0,42.0,43.0,44.0,45.0,46.0,47.0,48.0,49.0,50.0,51.0","27.09,26.74,26.38,26.31,26.26,26.22,26.14,26.04,25.9,25.63,25.17,24.67,23.5,22.14,20.79,19.46,18.91,18.09,16.91,16.24,15.0,13.73,13.03,12.43,11.48,10.96,10.57,10.35,10.28,10.16,9.86,9.54,9.47,9.37,9.14,8.82,8.73,8.72,8.72,8.72,8.72,8.72,8.72,8.72,8.72,8.72,8.72,8.72,8.72,8.72,8.72",118942,2012-08-10 20:30:22,39.10583878,-73.51992798,"2,11,19,20,22,23,24,27,36,56","25.71,24.3781,15.594,15.594,13.7394,13.672,12.2726,10.9575,9.3727,8.85"
48,48,HB1205   ,2012-08-09 17:58:00,39.0983,-73.5,"1.0,2.0,3.0,4.0,5.0,6.0,7.0,8.0,9.0,10.0,11.0,12.0,13.0,14.0,15.0,16.0,17.0,18.0,19.0,20.0,21.0,22.0,23.0,24.0,25.0,26.0,27.0,28.0,29.0,30.0,31.0,32.0,33.0,34.0,35.0,36.0,37.0,38.0,39.0,40.0,41.0,42.0,43.0,44.0,45.0,46.0,47.0,48.0,49.0,50.0,51.0","27.09,26.74,26.38,26.31,26.26,26.22,26.14,26.04,25.9,25.63,25.17,24.67,23.5,22.14,20.79,19.46,18.91,18.09,16.91,16.24,15.0,13.73,13.03,12.43,11.48,10.96,10.57,10.35,10.28,10.16,9.86,9.54,9.47,9.37,9.14,8.82,8.73,8.72,8.72,8.72,8.72,8.72,8.72,8.72,8.72,8.72,8.72,8.72,8.72,8.72,8.72",118942,2012-08-11 23:01:57,39.11127853,-73.48264313,"2,10,15,18,20,21,24,31,40,55","25.84,25.7728,23.9931,21.8776,19.124,18.8554,14.3053,10.9473,9.1675,9.05"
49,49,HB1205   ,2012-08-09 20:04:00,38.9083,-73.6483,"1.0,2.0,3.0,4.0,5.0,6.0,7.0,8.0,9.0,10.0,11.0,12.0,13.0,14.0,15.0,16.0,17.0,18.0,19.0,20.0,21.0,22.0,23.0,24.0,25.0,26.0,27.0,28.0,29.0,30.0,31.0,32.0,33.0,34.0,35.0,36.0,37.0,38.0,39.0","26.96,26.92,26.69,26.29,26.22,26.17,26.03,25.72,25.55,25.29,25.09,24.92,24.82,24.7,24.51,24.11,22.95,21.14,19.11,16.14,13.82,12.78,12.34,12.13,11.91,11.66,11.52,11.32,11.18,10.94,10.85,10.84,10.92,10.71,9.65,9.23,9.13,9.11,9.1",118941,2012-08-09 18:48:58,38.87604904,-73.64050293,"2,11,14,16,21,22,25,31,38,49","26.16,24.6357,23.4632,21.5537,18.2707,16.8302,14.4015,11.6377,10.2475,9.41"
50,50,HB1205   ,2012-08-09 20:04:00,38.9083,-73.6483,"1.0,2.0,3.0,4.0,5.0,6.0,7.0,8.0,9.0,10.0,11.0,12.0,13.0,14.0,15.0,16.0,17.0,18.0,19.0,20.0,21.0,22.0,23.0,24.0,25.0,26.0,27.0,28.0,29.0,30.0,31.0,32.0,33.0,34.0,35.0,36.0,37.0,38.0,39.0","26.96,26.92,26.69,26.29,26.22,26.17,26.03,25.72,25.55,25.29,25.09,24.92,24.82,24.7,24.51,24.11,22.95,21.14,19.11,16.14,13.82,12.78,12.34,12.13,11.91,11.66,11.52,11.32,11.18,10.94,10.85,10.84,10.92,10.71,9.65,9.23,9.13,9.11,9.1",118941,2012-08-09 18:48:58,38.87604904,-73.64050293,"2,5,14,19,24,25,27,32,39,49","26.73,25.357,24.0709,21.6029,16.6322,16.4237,13.9731,11.8006,10.0973,9.35"
51,51,HB1205   ,2012-08-09 20:04:00,38.9083,-73.6483,"1.0,2.0,3.0,4.0,5.0,6.0,7.0,8.0,9.0,10.0,11.0,12.0,13.0,14.0,15.0,16.0,17.0,18.0,19.0,20.0,21.0,22.0,23.0,24.0,25.0,26.0,27.0,28.0,29.0,30.0,31.0,32.0,33.0,34.0,35.0,36.0,37.0,38.0,39.0","26.96,26.92,26.69,26.29,26.22,26.17,26.03,25.72,25.55,25.29,25.09,24.92,24.82,24.7,24.51,24.11,22.95,21.14,19.11,16.14,13.82,12.78,12.34,12.13,11.91,11.66,11.52,11.32,11.18,10.94,10.85,10.84,10.92,10.71,9.65,9.23,9.13,9.11,9.1",118941,2012-08-10 07:04:12,38.89393997,-73.65638733,"2,3,6,7,8,10,11,12,13,13","25.9166,25.9266,25.93,25.9132,25.7385,25.557,25.5478,25.4588,25.2513,25.09"
52,52,HB1205   ,2012-08-10 14:10:00,37.4983,-74.6567,"1.0,2.0,3.0,4.0,5.0,6.0,7.0,8.0,9.0,10.0,11.0,12.0,13.0,14.0,15.0,16.0,17.0,18.0,19.0,20.0,21.0,22.0,23.0,24.0,25.0,26.0,27.0,28.0,29.0,30.0,31.0,32.0,33.0,34.0,35.0,36.0,37.0,38.0,39.0,40.0,41.0,42.0,43.0,44.0,45.0,46.0,47.0,48.0,49.0,50.0,51.0,52.0,53.0,54.0,55.0,56.0,57.0","26.58,26.58,26.58,26.58,26.58,26.58,26.58,26.58,26.57,26.53,26.4,25.92,24.57,23.92,22.49,20.6,18.66,17.78,16.7,15.5,14.42,13.18,12.73,12.45,12.25,12.0,11.89,11.71,11.51,11.27,11.11,11.03,11.03,11.04,10.9,10.79,10.72,10.65,10.61,10.57,10.55,10.49,10.37,10.34,10.29,10.24,10.27,10.29,10.31,10.33,10.33,10.33,10.33,10.33,10.33,10.33,10.33",118951,2012-08-08 05:42:36,37.53377151,-74.67791748,"2,7,8,9,10,11,12,13,14,14","26.6,26.518,26.3814,26.0058,24.6125,23.786,22.3927,20.5964,19.8451,19.77"
53,53,HB1206   ,2012-09-08 04:13:00,38.0717,-74.3,"1.0,2.0,3.0,4.0,5.0,6.0,7.0,8.0,9.0,10.0,11.0,12.0,13.0,14.0,15.0,16.0,17.0,18.0,19.0,20.0,21.0,22.0,23.0,24.0,25.0,26.0,27.0,28.0,29.0,30.0,31.0,32.0,33.0,34.0,35.0,36.0,37.0,38.0,39.0,40.0,41.0,42.0,43.0,44.0,45.0,46.0,47.0,48.0,49.0","26.14,26.14,26.14,26.14,26.14,26.11,26.08,26.02,25.94,25.93,25.91,25.9,25.8,25.51,25.15,24.9,24.55,24.16,23.9,23.36,22.34,21.51,20.28,18.65,17.35,15.91,14.95,13.96,12.97,12.54,12.26,11.82,11.33,11.07,10.9,10.8,10.67,10.47,10.28,9.96,9.91,9.96,10.0,10.07,10.24,10.42,10.51,10.59,10.65",118954,2012-09-10 20:30:52,38.09418106,-74.33426666,"2,9,11,12,13,15,17,24,34,49","24.75,24.525,23.7517,22.2051,21.7693,17.1857,15.2595,11.8992,10.69,10.7884"
54,54,HB1205   ,2012-08-10 04:10:00,38.3767,-74.1783,"1.0,2.0,3.0,4.0,5.0,6.0,7.0,8.0,9.0,10.0,11.0,12.0,13.0,14.0,15.0,16.0,17.0,18.0,19.0,20.0,21.0,22.0,23.0,24.0,25.0,26.0,27.0,28.0,29.0,30.0,31.0,32.0,33.0,34.0,35.0,36.0,37.0,38.0,39.0,40.0,41.0,42.0,43.0,44.0,45.0,46.0,47.0,48.0,49.0","26.67,26.66,26.66,26.64,26.64,26.61,26.58,26.47,26.29,26.1,25.77,25.62,25.12,24.22,23.75,22.68,20.69,18.41,17.46,17.08,16.87,16.64,16.1,14.66,14.18,13.84,13.29,12.57,11.91,11.54,11.53,11.5,10.84,10.23,10.18,10.07,9.85,9.73,9.67,9.61,9.72,9.59,9.48,9.4,9.37,9.36,9.36,9.36,9.36",118947,2012-08-08 05:08:37,38.37466812,-74.19934845,"2,3,4,6,7,7,7,7,7,7","26.46,26.452,26.45,26.42,26.42,26.42,26.42,26.42,26.42,26.42"
55,55,HB1205   ,2012-08-10 04:10:00,38.3767,-74.1783,"1.0,2.0,3.0,4.0,5.0,6.0,7.0,8.0,9.0,10.0,11.0,12.0,13.0,14.0,15.0,16.0,17.0,18.0,19.0,20.0,21.0,22.0,23.0,24.0,25.0,26.0,27.0,28.0,29.0,30.0,31.0,32.0,33.0,34.0,35.0,36.0,37.0,38.0,39.0,40.0,41.0,42.0,43.0,44.0,45.0,46.0,47.0,48.0,49.0","26.67,26.66,26.66,26.64,26.64,26.61,26.58,26.47,26.29,26.1,25.77,25.62,25.12,24.22,23.75,22.68,20.69,18.41,17.46,17.08,16.87,16.64,16.1,14.66,14.18,13.84,13.29,12.57,11.91,11.54,11.53,11.5,10.84,10.23,10.18,10.07,9.85,9.73,9.67,9.61,9.72,9.59,9.48,9.4,9.37,9.36,9.36,9.36,9.36",118947,2012-08-08 23:04:24,38.39196014,-74.19480896,"2,9,14,18,22,23,24,26,32,53","26.02,25.5134,23.8355,21.0494,16.522,16.4587,14.5907,14.4008,10.6807,10.19"
56,56,HB1205   ,2012-08-10 04:10:00,38.3767,-74.1783,"1.0,2.0,3.0,4.0,5.0,6.0,7.0,8.0,9.0,10.0,11.0,12.0,13.0,14.0,15.0,16.0,17.0,18.0,19.0,20.0,21.0,22.0,23.0,24.0,25.0,26.0,27.0,28.0,29.0,30.0,31.0,32.0,33.0,34.0,35.0,36.0,37.0,38.0,39.0,40.0,41.0,42.0,43.0,44.0,45.0,46.0,47.0,48.0,49.0","26.67,26.66,26.66,26.64,26.64,26.61,26.58,26.47,26.29,26.1,25.77,25.62,25.12,24.22,23.75,22.68,20.69,18.41,17.46,17.08,16.87,16.64,16.1,14.66,14.18,13.84,13.29,12.57,11.91,11.54,11.53,11.5,10.84,10.23,10.18,10.07,9.85,9.73,9.67,9.61,9.72,9.59,9.48,9.4,9.37,9.36,9.36,9.36,9.36",118947,2012-08-09 18:32:00,38.3716011,-74.22289276,"2,8,13,17,18,19,20,25,36,56","26.64,25.6011,23.8532,20.3573,18.4115,17.9003,16.3502,12.2112,10.3314,10.15"
57,57,HB1202   ,2012-06-03 01:45:00,37.1767,-74.95,"1.0,2.0,3.0,4.0,5.0,6.0,7.0,8.0,9.0,10.0,11.0,12.0,13.0,14.0,15.0,16.0,17.0,18.0,19.0,20.0,21.0,22.0,23.0,24.0,25.0,26.0,27.0,28.0,29.0,30.0,31.0,32.0,33.0,34.0,35.0,36.0,37.0,38.0,39.0,40.0,41.0","20.16,20.16,20.15,20.15,20.02,19.83,19.6,19.37,19.12,18.7,18.08,17.29,16.26,15.18,14.71,14.53,14.29,14.44,14.67,15.77,17.5,18.21,18.43,18.25,17.23,16.43,15.55,14.87,14.6,14.83,14.91,14.96,14.96,14.97,14.98,14.98,14.97,14.98,14.98,14.98,14.99",118892,2012-06-02 20:00:58,37.21593857,-74.93512726,"2,7,8,9,10,12,23,24,25,34","19.52,18.6221,17.4905,17.2999,16.1867,15.295,16.3343,16.1191,13.37,13.4376"
58,58,HB1202   ,2012-06-03 02:25:00,37.095,-74.8867,"1.0,2.0,3.0,4.0,5.0,6.0,7.0,8.0,9.0,10.0,11.0,12.0,13.0,14.0,15.0,16.0,17.0,18.0,19.0,20.0,21.0,22.0,23.0,24.0,25.0,26.0,27.0,28.0,29.0,30.0,31.0,32.0,33.0,34.0,35.0,36.0,37.0,38.0,39.0,40.0,41.0,42.0,43.0,44.0,45.0,46.0,47.0,48.0","19.56,19.56,19.57,19.56,19.56,19.54,19.5,19.43,19.28,18.89,18.16,16.98,16.01,15.52,15.33,14.81,14.22,14.07,14.01,13.97,13.79,13.65,13.53,13.37,13.35,13.31,13.25,13.16,12.84,12.7,12.62,12.62,12.53,12.49,12.47,12.46,12.56,12.66,12.8,12.82,12.86,12.82,12.85,12.84,12.87,12.87,12.87,12.88",118896,2012-06-03 19:51:37,37.11930847,-74.91989136,"2,8,13,16,18,23,26,29,30,48","20.22,19.6085,17.542,15.3902,14.7556,14.237,13.2927,13.0528,12.658,12.48"
59,59,HB1202   ,2012-06-03 02:37:00,37.09,-74.88,"1.0,2.0,3.0,4.0,5.0,6.0,7.0,8.0,9.0,10.0,11.0,12.0,13.0,14.0,15.0,16.0,17.0,18.0,19.0,20.0,21.0,22.0,23.0,24.0,25.0,26.0,27.0,28.0,29.0,30.0,31.0,32.0,33.0,34.0,35.0,36.0,37.0,38.0,39.0,40.0,41.0,42.0,43.0,44.0,45.0,46.0,47.0,48.0,49.0,50.0,51.0,52.0","19.73,19.73,19.72,19.72,19.71,19.52,19.22,18.92,18.4,17.49,16.13,15.47,15.22,14.86,14.3,14.01,14.03,13.94,13.84,13.78,13.7,13.62,13.53,13.46,13.43,13.36,13.15,12.91,12.77,12.69,12.67,12.65,12.56,12.51,12.5,12.49,12.53,12.64,12.69,12.72,12.73,12.76,12.79,12.79,12.79,12.79,12.79,12.79,12.79,12.8,12.8,12.8",118896,2012-06-03 19:51:37,37.11930847,-74.91989136,"2,8,13,16,18,23,26,29,30,48","20.22,19.6085,17.542,15.3902,14.7556,14.237,13.2927,13.0528,12.658,12.48"
60,60,HB1202   ,2012-06-03 01:45:00,37.1767,-74.95,"1.0,2.0,3.0,4.0,5.0,6.0,7.0,8.0,9.0,10.0,11.0,12.0,13.0,14.0,15.0,16.0,17.0,18.0,19.0,20.0,21.0,22.0,23.0,24.0,25.0,26.0,27.0,28.0,29.0,30.0,31.0,32.0,33.0,34.0,35.0,36.0,37.0,38.0,39.0,40.0,41.0","20.16,20.16,20.15,20.15,20.02,19.83,19.6,19.37,19.12,18.7,18.08,17.29,16.26,15.18,14.71,14.53,14.29,14.44,14.67,15.77,17.5,18.21,18.43,18.25,17.23,16.43,15.55,14.87,14.6,14.83,14.91,14.96,14.96,14.97,14.98,14.98,14.97,14.98,14.98,14.98,14.99",118892,2012-06-03 00:29:12,37.18917084,-74.93174744,"2,6,8,9,11,13,21,24,29,41","20.01,19.2642,17.081,17.0539,15.2708,14.7419,14.3419,13.5961,13.23,13.4673"
61,61,HB1202   ,2012-06-03 01:45:00,37.1767,-74.95,"1.0,2.0,3.0,4.0,5.0,6.0,7.0,8.0,9.0,10.0,11.0,12.0,13.0,14.0,15.0,16.0,17.0,18.0,19.0,20.0,21.0,22.0,23.0,24.0,25.0,26.0,27.0,28.0,29.0,30.0,31.0,32.0,33.0,34.0,35.0,36.0,37.0,38.0,39.0,40.0,41.0","20.16,20.16,20.15,20.15,20.02,19.83,19.6,19.37,19.12,18.7,18.08,17.29,16.26,15.18,14.71,14.53,14.29,14.44,14.67,15.77,17.5,18.21,18.43,18.25,17.23,16.43,15.55,14.87,14.6,14.83,14.91,14.96,14.96,14.97,14.98,14.98,14.97,14.98,14.98,14.98,14.99",118896,2012-06-03 23:56:18,37.17179871,-74.91834259,"2,13,17,18,19,20,23,26,31,49","20.35,18.0023,16.08,15.1475,14.9594,14.1577,13.7733,12.6772,12.26,12.17"
62,62,HB1202   ,2012-06-02 17:54:00,37.845,-74.5867,"4.0,5.0,6.0,7.0,8.0,9.0,10.0,11.0,12.0,13.0,14.0,15.0,16.0,17.0,18.0,19.0,20.0,21.0,22.0,23.0,24.0,25.0,26.0,27.0,28.0,29.0,30.0,31.0,32.0,33.0,34.0,35.0,36.0,37.0,38.0,39.0,40.0,41.0,42.0,43.0,44.0,45.0,46.0,47.0,48.0,49.0,50.0","20.08,20.07,20.06,20.02,19.89,19.76,19.57,18.99,17.3,16.08,15.24,14.9,14.97,14.92,14.89,14.9,14.88,14.79,14.56,14.35,14.11,13.82,13.7,13.28,12.6,12.72,12.73,12.69,12.33,11.94,11.98,12.01,11.94,11.93,12.05,12.11,12.03,11.98,11.91,11.86,11.78,11.7,11.68,11.65,11.65,11.61,11.6",118888,2012-06-04 12:04:44,37.83996964,-74.53553772,"2,5,6,9,11,13,15,22,28,56","19.78,19.6122,19.1172,18.3621,17.2462,15.7612,14.6118,11.8766,11.4487,11.39"
63,63,HB1202   ,2012-06-03 02:25:00,37.095,-74.8867,"1.0,2.0,3.0,4.0,5.0,6.0,7.0,8.0,9.0,10.0,11.0,12.0,13.0,14.0,15.0,16.0,17.0,18.0,19.0,20.0,21.0,22.0,23.0,24.0,25.0,26.0,27.0,28.0,29.0,30.0,31.0,32.0,33.0,34.0,35.0,36.0,37.0,38.0,39.0,40.0,41.0,42.0,43.0,44.0,45.0,46.0,47.0,48.0","19.56,19.56,19.57,19.56,19.56,19.54,19.5,19.43,19.28,18.89,18.16,16.98,16.01,15.52,15.33,14.81,14.22,14.07,14.01,13.97,13.79,13.65,13.53,13.37,13.35,13.31,13.25,13.16,12.84,12.7,12.62,12.62,12.53,12.49,12.47,12.46,12.56,12.66,12.8,12.82,12.86,12.82,12.85,12.84,12.87,12.87,12.87,12.88",118896,2012-06-04 12:14:15,37.10013962,-74.88317871,"2,8,9,13,15,16,19,23,49,63","19.85,19.0574,18.5174,18.3432,14.6501,13.8662,11.8194,11.14,11.14,12.2288"
64,64,HB1202   ,2012-06-03 02:37:00,37.09,-74.88,"1.0,2.0,3.0,4.0,5.0,6.0,7.0,8.0,9.0,10.0,11.0,12.0,13.0,14.0,15.0,16.0,17.0,18.0,19.0,20.0,21.0,22.0,23.0,24.0,25.0,26.0,27.0,28.0,29.0,30.0,31.0,32.0,33.0,34.0,35.0,36.0,37.0,38.0,39.0,40.0,41.0,42.0,43.0,44.0,45.0,46.0,47.0,48.0,49.0,50.0,51.0,52.0","19.73,19.73,19.72,19.72,19.71,19.52,19.22,18.92,18.4,17.49,16.13,15.47,15.22,14.86,14.3,14.01,14.03,13.94,13.84,13.78,13.7,13.62,13.53,13.46,13.43,13.36,13.15,12.91,12.77,12.69,12.67,12.65,12.56,12.51,12.5,12.49,12.53,12.64,12.69,12.72,12.73,12.76,12.79,12.79,12.79,12.79,12.79,12.79,12.79,12.8,12.8,12.8",118896,2012-06-04 12:14:15,37.10013962,-74.88317871,"2,8,9,13,15,16,19,23,49,63","19.85,19.0574,18.5174,18.3432,14.6501,13.8662,11.8194,11.14,11.14,12.2288"
65,65,HB1202   ,2012-06-03 02:25:00,37.095,-74.8867,"1.0,2.0,3.0,4.0,5.0,6.0,7.0,8.0,9.0,10.0,11.0,12.0,13.0,14.0,15.0,16.0,17.0,18.0,19.0,20.0,21.0,22.0,23.0,24.0,25.0,26.0,27.0,28.0,29.0,30.0,31.0,32.0,33.0,34.0,35.0,36.0,37.0,38.0,39.0,40.0,41.0,42.0,43.0,44.0,45.0,46.0,47.0,48.0","19.56,19.56,19.57,19.56,19.56,19.54,19.5,19.43,19.28,18.89,18.16,16.98,16.01,15.52,15.33,14.81,14.22,14.07,14.01,13.97,13.79,13.65,13.53,13.37,13.35,13.31,13.25,13.16,12.84,12.7,12.62,12.62,12.53,12.49,12.47,12.46,12.56,12.66,12.8,12.82,12.86,12.82,12.85,12.84,12.87,12.87,12.87,12.88",118896,2012-06-04 20:13:26,37.12322998,-74.92431641,"2,14,18,20,23,30,36,46,48,48","20.56,18.4543,16.8283,15.617,14.7877,13.7633,13.1942,13.0316,12.43,12.43"
66,66,HB1202   ,2012-06-02 17:54:00,37.845,-74.5867,"4.0,5.0,6.0,7.0,8.0,9.0,10.0,11.0,12.0,13.0,14.0,15.0,16.0,17.0,18.0,19.0,20.0,21.0,22.0,23.0,24.0,25.0,26.0,27.0,28.0,29.0,30.0,31.0,32.0,33.0,34.0,35.0,36.0,37.0,38.0,39.0,40.0,41.0,42.0,43.0,44.0,45.0,46.0,47.0,48.0,49.0,50.0","20.08,20.07,20.06,20.02,19.89,19.76,19.57,18.99,17.3,16.08,15.24,14.9,14.97,14.92,14.89,14.9,14.88,14.79,14.56,14.35,14.11,13.82,13.7,13.28,12.6,12.72,12.73,12.69,12.33,11.94,11.98,12.01,11.94,11.93,12.05,12.11,12.03,11.98,11.91,11.86,11.78,11.7,11.68,11.65,11.65,11.61,11.6",118890,2012-06-05 16:18:49,37.87643814,-74.55519104,"2,13,15,18,19,21,22,24,30,54","17.88,17.672,17.087,16.6515,16.268,14.1295,12.654,12.0625,11.5295,11.38"
67,67,HB1202   ,2012-06-02 17:54:00,37.845,-74.5867,"4.0,5.0,6.0,7.0,8.0,9.0,10.0,11.0,12.0,13.0,14.0,15.0,16.0,17.0,18.0,19.0,20.0,21.0,22.0,23.0,24.0,25.0,26.0,27.0,28.0,29.0,30.0,31.0,32.0,33.0,34.0,35.0,36.0,37.0,38.0,39.0,40.0,41.0,42.0,43.0,44.0,45.0,46.0,47.0,48.0,49.0,50.0","20.08,20.07,20.06,20.02,19.89,19.76,19.57,18.99,17.3,16.08,15.24,14.9,14.97,14.92,14.89,14.9,14.88,14.79,14.56,14.35,14.11,13.82,13.7,13.28,12.6,12.72,12.73,12.69,12.33,11.94,11.98,12.01,11.94,11.93,12.05,12.11,12.03,11.98,11.91,11.86,11.78,11.7,11.68,11.65,11.65,11.61,11.6",118891,2012-06-05 04:24:24,37.8638916,-74.54197693,"2,3,4,5,6,8,9,11,12,13","18.69,18.6283,18.6283,18.5075,18.266,18.2351,18.1349,17.5592,17.459,16.12"
68,68,HB1202   ,2012-06-03 01:45:00,37.1767,-74.95,"1.0,2.0,3.0,4.0,5.0,6.0,7.0,8.0,9.0,10.0,11.0,12.0,13.0,14.0,15.0,16.0,17.0,18.0,19.0,20.0,21.0,22.0,23.0,24.0,25.0,26.0,27.0,28.0,29.0,30.0,31.0,32.0,33.0,34.0,35.0,36.0,37.0,38.0,39.0,40.0,41.0","20.16,20.16,20.15,20.15,20.02,19.83,19.6,19.37,19.12,18.7,18.08,17.29,16.26,15.18,14.71,14.53,14.29,14.44,14.67,15.77,17.5,18.21,18.43,18.25,17.23,16.43,15.55,14.87,14.6,14.83,14.91,14.96,14.96,14.97,14.98,14.98,14.97,14.98,14.98,14.98,14.99",118897,2012-06-04 19:54:35,37.17108154,-74.90791321,"2,7,13,16,23,28,31,32,36,53","20.6,20.2976,18.8528,18.6176,16.0808,15.4592,14.468,13.6448,12.7208,12.2"
69,69,HB1202   ,2012-06-02 17:54:00,37.845,-74.5867,"4.0,5.0,6.0,7.0,8.0,9.0,10.0,11.0,12.0,13.0,14.0,15.0,16.0,17.0,18.0,19.0,20.0,21.0,22.0,23.0,24.0,25.0,26.0,27.0,28.0,29.0,30.0,31.0,32.0,33.0,34.0,35.0,36.0,37.0,38.0,39.0,40.0,41.0,42.0,43.0,44.0,45.0,46.0,47.0,48.0,49.0,50.0","20.08,20.07,20.06,20.02,19.89,19.76,19.57,18.99,17.3,16.08,15.24,14.9,14.97,14.92,14.89,14.9,14.88,14.79,14.56,14.35,14.11,13.82,13.7,13.28,12.6,12.72,12.73,12.69,12.33,11.94,11.98,12.01,11.94,11.93,12.05,12.11,12.03,11.98,11.91,11.86,11.78,11.7,11.68,11.65,11.65,11.61,11.6",118891,2012-06-05 12:26:27,37.85573959,-74.62204742,"2,14,17,20,22,24,25,27,36,50","17.93,17.7115,16.8071,15.6902,14.6401,13.0922,12.6673,12.2606,11.9268,11.86"
70,70,HB1205   ,2012-08-12 13:55:00,38.4733,-74.3783,"1.0,2.0,3.0,4.0,5.0,6.0,7.0,29.0,30.0,31.0,32.0,33.0,34.0,35.0,36.0,37.0,38.0,39.0,40.0,41.0,42.0,8.0,9.0,10.0,11.0,12.0,13.0,14.0,15.0,16.0,17.0,18.0,19.0,20.0,21.0,22.0,23.0,24.0,25.0,26.0,27.0,28.0","25.13,25.14,25.12,25.1,25.07,25.06,25.06,11.65,11.53,11.46,11.38,11.24,11.09,10.95,10.89,10.72,10.55,10.46,10.4,10.34,10.31,25.04,25.04,24.82,25.11,21.02,19.63,18.19,16.85,15.38,14.63,13.74,13.07,12.79,12.45,12.2,12.04,11.93,11.89,11.87,11.84,11.77",118889,2012-08-10 06:54:09,38.47608948,-74.39952087,"2,3,4,5,7,8,8,8,8,8","26.68,26.68,26.6823,26.69,26.69,26.6884,26.6884,26.6884,26.6884,26.6884"
71,71,HB1205   ,2012-08-12 13:55:00,38.4733,-74.3783,"1.0,2.0,3.0,4.0,5.0,6.0,7.0,29.0,30.0,31.0,32.0,33.0,34.0,35.0,36.0,37.0,38.0,39.0,40.0,41.0,42.0,8.0,9.0,10.0,11.0,12.0,13.0,14.0,15.0,16.0,17.0,18.0,19.0,20.0,21.0,22.0,23.0,24.0,25.0,26.0,27.0,28.0","25.13,25.14,25.12,25.1,25.07,25.06,25.06,11.65,11.53,11.46,11.38,11.24,11.09,10.95,10.89,10.72,10.55,10.46,10.4,10.34,10.31,25.04,25.04,24.82,25.11,21.02,19.63,18.19,16.85,15.38,14.63,13.74,13.07,12.79,12.45,12.2,12.04,11.93,11.89,11.87,11.84,11.77",118889,2012-08-11 08:12:50,38.4695282,-74.4030304,"2,3,5,6,7,8,9,10,11,11","26.152,26.15,26.15,26.1987,26.2466,26.3159,26.3956,26.4284,26.4377,26.44"
72,72,GU1302   ,2013-06-22 07:43:00,37.2967,-75.3083,"1.0,2.0,3.0,4.0,5.0,6.0,7.0,8.0,9.0,10.0,11.0,12.0,13.0,14.0,15.0,16.0,17.0,18.0,19.0,20.0,21.0,22.0,23.0,24.0,25.0,26.0","20.46,20.46,20.46,20.47,20.47,20.23,19.86,19.36,19.04,18.29,17.61,17.45,16.96,15.8,14.07,13.7,13.64,13.51,13.17,12.76,12.63,12.53,11.97,11.63,11.57,11.56",118902,2013-06-22 05:26:35,37.27202988,-75.28771973,"2,3,5,6,7,8,9,9","20.4758,20.49,20.49,20.4686,20.4544,20.1687,19.697,19.6"
73,73,GU1302   ,2013-06-22 07:52:00,37.2917,-75.3067,"1.0,2.0,3.0,4.0,5.0,6.0,7.0,8.0,9.0,10.0,11.0,12.0,13.0,14.0,15.0,16.0,17.0,18.0,19.0,20.0,21.0,22.0,23.0,24.0,25.0,26.0","20.5,20.5,20.5,20.5,20.48,20.41,20.05,19.67,19.45,19.29,18.72,17.5,16.66,14.69,13.82,13.57,13.5,13.44,13.24,12.8,12.45,11.91,11.65,11.56,11.54,11.53",118902,2013-06-22 05:26:35,37.27202988,-75.28771973,"2,3,5,6,7,8,9,9","20.4758,20.49,20.49,20.4686,20.4544,20.1687,19.697,19.6"
74,74,HB1205   ,2012-08-12 13:55:00,38.4733,-74.3783,"1.0,2.0,3.0,4.0,5.0,6.0,7.0,29.0,30.0,31.0,32.0,33.0,34.0,35.0,36.0,37.0,38.0,39.0,40.0,41.0,42.0,8.0,9.0,10.0,11.0,12.0,13.0,14.0,15.0,16.0,17.0,18.0,19.0,20.0,21.0,22.0,23.0,24.0,25.0,26.0,27.0,28.0","25.13,25.14,25.12,25.1,25.07,25.06,25.06,11.65,11.53,11.46,11.38,11.24,11.09,10.95,10.89,10.72,10.55,10.46,10.4,10.34,10.31,25.04,25.04,24.82,25.11,21.02,19.63,18.19,16.85,15.38,14.63,13.74,13.07,12.79,12.45,12.2,12.04,11.93,11.89,11.87,11.84,11.77",118889,2012-08-11 11:21:46,38.46389008,-74.38703918,"2,10,12,14,19,20,22,25,31,49","25.95,25.8278,24.9874,21.1521,15.7582,14.3219,12.6411,11.3882,10.8381,10.67"
75,75,HB1205   ,2012-08-10 04:10:00,38.3767,-74.1783,"1.0,2.0,3.0,4.0,5.0,6.0,7.0,8.0,9.0,10.0,11.0,12.0,13.0,14.0,15.0,16.0,17.0,18.0,19.0,20.0,21.0,22.0,23.0,24.0,25.0,26.0,27.0,28.0,29.0,30.0,31.0,32.0,33.0,34.0,35.0,36.0,37.0,38.0,39.0,40.0,41.0,42.0,43.0,44.0,45.0,46.0,47.0,48.0,49.0","26.67,26.66,26.66,26.64,26.64,26.61,26.58,26.47,26.29,26.1,25.77,25.62,25.12,24.22,23.75,22.68,20.69,18.41,17.46,17.08,16.87,16.64,16.1,14.66,14.18,13.84,13.29,12.57,11.91,11.54,11.53,11.5,10.84,10.23,10.18,10.07,9.85,9.73,9.67,9.61,9.72,9.59,9.48,9.4,9.37,9.36,9.36,9.36,9.36",118889,2012-08-12 17:02:17,38.41427994,-74.19068146,"2,12,14,18,19,21,29,30,37,54","26.56,25.5446,24.2539,20.416,18.7983,16.6987,11.7078,10.7612,9.4016,9.35"
76,76,GU1302   ,2013-06-23 19:28:00,36.0017,-75.17,"1.0,2.0,3.0,4.0,5.0,6.0,7.0,8.0,9.0,10.0,11.0,12.0,13.0,14.0,15.0,16.0,17.0,18.0,19.0,20.0,21.0,22.0,23.0,24.0,25.0,26.0,27.0,28.0,29.0","22.72,22.44,22.59,22.76,22.02,21.54,21.18,21.14,21.18,20.24,18.57,18.09,15.61,14.89,14.58,14.52,14.52,14.51,14.51,14.5,14.5,14.49,14.48,14.46,14.42,14.39,14.33,14.28,14.27",118903,2013-06-24 21:06:29,35.97412872,-75.16120911,"2,8,11,12,13,16,18,19,20,26","23.78,22.8684,22.2578,21.888,21.2086,17.3644,17.201,16.556,15.18,15.18"
77,77,GU1302   ,2013-06-23 19:46:00,36.0,-75.1783,"3.0,4.0,5.0,6.0,7.0,8.0,9.0,10.0,11.0,12.0,13.0,14.0,15.0,16.0,17.0,18.0,19.0,20.0,21.0,22.0,23.0,24.0,25.0,26.0,27.0,28.0,29.0,30.0,31.0,32.0,33.0","22.53,22.54,22.57,22.56,22.54,22.17,22.05,21.58,21.35,21.16,20.86,20.13,18.99,16.75,15.15,14.6,14.53,14.52,14.54,14.49,14.48,14.48,14.47,14.44,14.38,14.33,14.29,14.28,14.28,14.28,14.28",118903,2013-06-24 21:06:29,35.97412872,-75.16120911,"2,8,11,12,13,16,18,19,20,26","23.78,22.8684,22.2578,21.888,21.2086,17.3644,17.201,16.556,15.18,15.18"
78,78,HB1205   ,2012-08-10 11:36:00,37.8433,-74.58,"7.0,8.0,9.0,10.0,11.0,12.0,13.0,14.0,15.0,16.0,17.0,18.0,19.0,20.0,21.0,22.0,23.0,24.0,25.0,26.0,27.0,28.0,29.0,30.0,31.0,32.0,33.0,34.0,35.0,36.0,37.0,38.0,39.0,40.0,41.0,42.0,43.0,44.0,45.0,46.0,47.0,48.0,49.0,50.0,51.0","26.67,26.67,26.67,26.67,26.67,26.67,26.56,24.38,21.95,19.65,17.71,16.69,15.63,15.02,13.91,13.26,12.92,12.58,11.98,11.68,11.51,11.38,11.36,11.34,11.31,11.28,11.24,11.05,10.85,10.73,10.63,10.57,10.54,10.48,10.34,10.32,10.36,10.37,10.37,10.37,10.37,10.37,10.37,10.37,10.37",118897,2012-08-10 16:13:09,37.80744171,-74.55483246,"2,8,10,13,14,16,18,27,37,59","26.65,26.1813,25.4615,21.8456,20.0042,17.5769,15.9364,11.8016,10.1611,9.91"
79,79,HB1205   ,2012-08-09 17:58:00,39.0983,-73.5,"1.0,2.0,3.0,4.0,5.0,6.0,7.0,8.0,9.0,10.0,11.0,12.0,13.0,14.0,15.0,16.0,17.0,18.0,19.0,20.0,21.0,22.0,23.0,24.0,25.0,26.0,27.0,28.0,29.0,30.0,31.0,32.0,33.0,34.0,35.0,36.0,37.0,38.0,39.0,40.0,41.0,42.0,43.0,44.0,45.0,46.0,47.0,48.0,49.0,50.0,51.0","27.09,26.74,26.38,26.31,26.26,26.22,26.14,26.04,25.9,25.63,25.17,24.67,23.5,22.14,20.79,19.46,18.91,18.09,16.91,16.24,15.0,13.73,13.03,12.43,11.48,10.96,10.57,10.35,10.28,10.16,9.86,9.54,9.47,9.37,9.14,8.82,8.73,8.72,8.72,8.72,8.72,8.72,8.72,8.72,8.72,8.72,8.72,8.72,8.72,8.72,8.72",118898,2012-08-07 13:07:24,39.06948853,-73.49141693,"2,10,14,16,17,18,22,25,34,54","25.77,24.9646,23.3201,21.7428,19.5782,18.7224,12.7991,11.7419,9.829,8.99"
80,80,HB1205   ,2012-08-09 17:58:00,39.0983,-73.5,"1.0,2.0,3.0,4.0,5.0,6.0,7.0,8.0,9.0,10.0,11.0,12.0,13.0,14.0,15.0,16.0,17.0,18.0,19.0,20.0,21.0,22.0,23.0,24.0,25.0,26.0,27.0,28.0,29.0,30.0,31.0,32.0,33.0,34.0,35.0,36.0,37.0,38.0,39.0,40.0,41.0,42.0,43.0,44.0,45.0,46.0,47.0,48.0,49.0,50.0,51.0","27.09,26.74,26.38,26.31,26.26,26.22,26.14,26.04,25.9,25.63,25.17,24.67,23.5,22.14,20.79,19.46,18.91,18.09,16.91,16.24,15.0,13.73,13.03,12.43,11.48,10.96,10.57,10.35,10.28,10.16,9.86,9.54,9.47,9.37,9.14,8.82,8.73,8.72,8.72,8.72,8.72,8.72,8.72,8.72,8.72,8.72,8.72,8.72,8.72,8.72,8.72",118898,2012-08-08 07:16:38,39.06613159,-73.4730835,"2,3,4,5,6,6,6,6,6,6","25.99,25.9799,25.96,25.9157,25.84,25.84,25.84,25.84,25.84,25.84"
81,81,HB1304   ,2013-09-14 05:25:00,36.9967,-75.405,"1.0,2.0,3.0,4.0,5.0,6.0,7.0,8.0,9.0,10.0,11.0,12.0,13.0,14.0,15.0,16.0,17.0,18.0,19.0,20.0,21.0,22.0,23.0,24.0,25.0,26.0,27.0","24.83,24.83,24.83,24.84,24.83,24.84,24.84,24.83,24.85,24.86,24.86,24.88,24.88,24.53,23.73,22.69,21.28,15.95,14.65,13.11,12.37,11.99,11.58,11.54,11.5,11.49,11.49",118903,2013-09-13 00:03:04,36.96075821,-75.43486023,"2,9,13,14,15,16,17,18,23,26","25.24,24.8486,24.1271,23.1731,21.5465,19.1861,17.5596,16.4099,13.3891,13.01"
82,82,GU1302   ,2013-06-20 18:16:00,38.2467,-74.705,"1.0,2.0,3.0,4.0,5.0,6.0,7.0,8.0,9.0,10.0,11.0,12.0,13.0,14.0,15.0,16.0,17.0,18.0,19.0,20.0,21.0,22.0,23.0,24.0,25.0,26.0","19.78,19.57,19.27,19.03,18.96,18.93,18.92,18.9,18.87,18.86,18.83,18.81,18.57,17.85,16.33,15.13,13.11,12.06,11.75,11.69,11.62,11.52,11.39,11.32,11.31,11.31",129778,2013-06-20 07:54:40,38.23550034,-74.67308807,"2,9,11,12,14,15,17,18,24,29","18.938,18.97,18.524,17.35,15.915999999999999,14.296,12.644,11.567,10.87,11.056"
83,83,GU1302   ,2013-06-20 18:27:00,38.245,-74.6983,"1.0,2.0,3.0,4.0,5.0,6.0,7.0,8.0,9.0,10.0,11.0,12.0,13.0,14.0,15.0,16.0,17.0,18.0,19.0,20.0,21.0,22.0,23.0,24.0,25.0,26.0,27.0,28.0,29.0,30.0,31.0","19.8,19.64,19.42,19.17,18.95,18.92,18.9,18.88,18.87,18.85,18.85,18.84,18.84,18.8,18.73,16.86,12.02,11.59,11.47,11.42,11.38,11.36,11.31,11.25,11.22,11.19,11.17,11.16,11.16,11.15,11.14",129778,2013-06-20 07:54:40,38.23550034,-74.67308807,"2,9,11,12,14,15,17,18,24,29","18.938,18.97,18.524,17.35,15.915999999999999,14.296,12.644,11.567,10.87,11.056"
84,84,GU1302   ,2013-06-20 16:49:00,38.4417,-74.7233,"1.0,2.0,3.0,4.0,5.0,6.0,7.0,8.0,9.0,10.0,11.0,12.0,13.0,14.0,15.0,16.0,17.0,18.0,19.0,20.0,21.0,22.0,23.0,26.0,27.0,28.0,24.0,25.0","19.74,19.39,19.0,18.95,18.94,18.91,18.89,18.88,18.87,18.86,18.83,18.73,18.46,17.89,15.47,13.71,12.74,12.43,12.36,12.33,12.33,12.32,12.32,12.32,12.31,12.31,12.32,12.32",129778,2013-06-21 15:03:58,38.40330124,-74.73757172,"2,7,8,12,13,14,15,18,22,29","19.48,19.275,18.974,18.621,18.397000000000002,17.916,15.557,13.897,13.32,13.07"
85,85,GU1302   ,2013-06-21 23:01:00,37.7717,-74.84,"1.0,2.0,3.0,4.0,5.0,6.0,7.0,8.0,9.0,10.0,11.0,12.0,13.0,14.0,15.0,16.0,17.0,18.0,19.0,20.0,21.0,22.0,23.0,24.0,25.0,26.0,27.0,28.0","19.93,19.9,19.9,19.9,19.65,19.52,19.43,19.36,19.3,18.99,18.5,17.68,15.67,13.04,10.72,10.69,10.69,10.68,10.68,10.68,10.68,10.69,10.68,10.68,10.69,10.69,10.69,10.69",129776,2013-06-22 12:02:13,37.73706055,-74.84314728,"2,7,9,11,12,14,16,18,21,34","19.68,19.609,19.191,17.58,16.503,13.432,11.367,10.949000000000002,10.842,10.78"
86,86,GU1302   ,2013-06-21 23:10:00,37.7683,-74.835,"1.0,2.0,3.0,4.0,5.0,6.0,7.0,8.0,9.0,10.0,11.0,12.0,13.0,14.0,15.0,16.0,17.0,18.0,19.0,20.0,21.0,22.0,23.0,24.0,25.0,26.0,27.0,28.0,29.0","19.86,19.83,19.8,19.74,19.6,19.51,19.42,19.35,19.3,19.25,18.69,17.32,15.05,12.75,10.73,10.65,10.64,10.64,10.64,10.64,10.64,10.64,10.64,10.64,10.64,10.65,10.65,10.65,10.65",129776,2013-06-22 12:02:13,37.73706055,-74.84314728,"2,7,9,11,12,14,16,18,21,34","19.68,19.609,19.191,17.58,16.503,13.432,11.367,10.949000000000002,10.842,10.78"
87,87,GU1302   ,2013-06-21 23:01:00,37.7717,-74.84,"1.0,2.0,3.0,4.0,5.0,6.0,7.0,8.0,9.0,10.0,11.0,12.0,13.0,14.0,15.0,16.0,17.0,18.0,19.0,20.0,21.0,22.0,23.0,24.0,25.0,26.0,27.0,28.0","19.93,19.9,19.9,19.9,19.65,19.52,19.43,19.36,19.3,18.99,18.5,17.68,15.67,13.04,10.72,10.69,10.69,10.68,10.68,10.68,10.68,10.69,10.68,10.68,10.69,10.69,10.69,10.69",129776,2013-06-23 03:09:46,37.80744171,-74.84745789,"2,3,4,5,6,7,8,9,10,10","20.59,20.538,20.472,20.397000000000002,20.29,20.209,20.058,19.88,19.82,19.82"
88,88,GU1302   ,2013-06-21 23:10:00,37.7683,-74.835,"1.0,2.0,3.0,4.0,5.0,6.0,7.0,8.0,9.0,10.0,11.0,12.0,13.0,14.0,15.0,16.0,17.0,18.0,19.0,20.0,21.0,22.0,23.0,24.0,25.0,26.0,27.0,28.0,29.0","19.86,19.83,19.8,19.74,19.6,19.51,19.42,19.35,19.3,19.25,18.69,17.32,15.05,12.75,10.73,10.65,10.64,10.64,10.64,10.64,10.64,10.64,10.64,10.64,10.64,10.65,10.65,10.65,10.65",129776,2013-06-23 03:09:46,37.80744171,-74.84745789,"2,3,4,5,6,7,8,9,10,10","20.59,20.538,20.472,20.397000000000002,20.29,20.209,20.058,19.88,19.82,19.82"
89,89,S11301   ,2013-06-19 23:19:00,39.7617,-73.1783,"1.0,2.0,3.0,4.0,5.0,6.0,7.0,8.0,9.0,10.0,11.0,12.0,13.0,14.0,15.0,16.0,17.0,18.0,19.0,20.0,21.0,22.0,23.0,24.0,25.0,26.0,27.0,28.0,29.0,30.0,31.0,32.0,33.0,34.0,35.0,36.0,37.0,38.0,39.0,40.0,41.0,42.0,43.0,44.0","17.44,17.37,17.51,17.51,17.25,17.17,17.08,17.02,16.97,16.9,16.83,16.77,16.62,15.94,15.24,14.5,12.4,10.2,8.76,7.78,7.58,7.53,7.52,7.47,7.42,7.4,7.38,7.37,7.38,7.44,7.44,7.38,7.39,7.31,7.26,7.25,7.24,7.24,7.24,7.23,7.23,7.23,7.23,7.23",129777,2013-06-17 16:57:16,39.76536179,-73.23313904,"2,3,4,5,7","16.68,16.679000000000002,16.676,16.66,16.66"
90,90,S11301   ,2013-06-19 23:19:00,39.7617,-73.1783,"1.0,2.0,3.0,4.0,5.0,6.0,7.0,8.0,9.0,10.0,11.0,12.0,13.0,14.0,15.0,16.0,17.0,18.0,19.0,20.0,21.0,22.0,23.0,24.0,25.0,26.0,27.0,28.0,29.0,30.0,31.0,32.0,33.0,34.0,35.0,36.0,37.0,38.0,39.0,40.0,41.0,42.0,43.0,44.0","17.44,17.37,17.51,17.51,17.25,17.17,17.08,17.02,16.97,16.9,16.83,16.77,16.62,15.94,15.24,14.5,12.4,10.2,8.76,7.78,7.58,7.53,7.52,7.47,7.42,7.4,7.38,7.37,7.38,7.44,7.44,7.38,7.39,7.31,7.26,7.25,7.24,7.24,7.24,7.23,7.23,7.23,7.23,7.23",129777,2013-06-17 19:27:20,39.78313828,-73.20033264,"2,11,12,13,14,16,18,19,38,45","16.84,16.465999999999998,16.288,15.849,14.895,11.23,8.547,8.032,7.518,7.49"
